Institution Name,Category,Name of Financial Institution,Instituition Type,Categorization,Old Name,Date of New Name,Street Address,Area,State,Telephone Number(s),Website,Email,Fax,PostalAddress,country,Ownership Type,Other Information,Date Licensed
Bank of Agriculture (BOA),Development Finance Institutions,Bank of Agriculture (BOA),Development Finance,-,NIGERIA AGRICULTURAL COOPERATIVE AND RURAL DEVELOPMENT,11/06/2007,"Yakubu Gowan Way, PMB 21555, Kaduna",Kaduna,KAD,8023101946,-,-,-,"PMB 21555, Kaduna",NGN,-,-,6/11/2007
BANK OF INDUSTRY,Development Finance Institutions,BANK OF INDUSTRY,Development Finance,-,-,11/06/2007,"23, Marina, Lagos",-,LAG,01-2713439,-,-,-,"P.O.Box 2357, Lagos",NGN,-,-,6/11/2007
Development Bank of Nigeria PLC,Development Finance Institutions,Development Bank of Nigeria PLC,Development Finance,-,-,01/01/1900,"Plot 1386A Tigris Crescent, Maitama, FCT Abuja",Maitama,ABU,+234 9 904 0000,-,-,-,-,NGN,Foreign and Domestic,RC 1215724,3/29/2017
FEDERAL MORTGAGE BANK OF NIGERIA,Development Finance Institutions,FEDERAL MORTGAGE BANK OF NIGERIA,Development Finance,-,-,11/06/2007,"Plot 266, Cadastral Zone A0, Central Business Dist",Abuja,ABU,09-2344212; 2344124; 2341677,-,-,01-2344213,"PMB 2273, Abuja",NGN,-,-,6/11/2007
NIGERIA EXPORT IMPORT BANK,Development Finance Institutions,,,,,,,,,,,,,,,,,
The Infrastructure Bank,Development Finance Institutions,,,,,,,,,,,,,,,,,
ASSOCIATED DISCOUNT HOUSE LTD.,Discount Houses,,,,,,,,,,,,,,,,,
CONSOLIDATED DISCOUNT LIMITED,Discount Houses,,,,,,,,,,,,,,,,,
EXPRESS DISCOUNT LIMITED,Discount Houses,,,,,,,,,,,,,,,,,
FIRST SECURITIES DISCOUNT HOUSE LTD,Discount Houses,,,,,,,,,,,,,,,,,
KAKAWA DISCOUNT HOUSE LTD,Discount Houses,,,,,,,,,,,,,,,,,
AAA FINANCE & INVESTMENT COMPANY LIMITED,Finance Companies,,,,,,,,,,,,,,,,,
ADDOSSER FINANCE LIMITED,Finance Companies,,,,,,,,,,,,,,,,,
AIQ CAPITAL FINANCE COMPANY LIMITED,Finance Companies,,,,,,,,,,,,,,,,,
ALC FINANCE COMPANY LTD,Finance Companies,,,,,,,,,,,,,,,,,
ALLIANZBRIDGE FINANCE COMPANY LIMITED,Finance Companies,,,,,,,,,,,,,,,,,
AMS FINANCE & MANAGEMENT COMPANY LIMITED,Finance Companies,,,,,,,,,,,,,,,,,
AQUILA LEASING LIMITED,Finance Companies,,,,,,,,,,,,,,,,,
ARKERS FINANCE COMPANY LIMITED,Finance Companies,,,,,,,,,,,,,,,,,
BANCORP FINANCE LIMITED,Finance Companies,,,,,,,,,,,,,,,,,
BERKSHIRE FINANCE COMPANY LIMITED,Finance Companies,,,,,,,,,,,,,,,,,
BRANCH INTERNATIONAL FINANCIAL SERVICES LTD,Finance Companies,,,,,,,,,,,,,,,,,
C & I LEASING PLC,Finance Companies,,,,,,,,,,,,,,,,,
CANDOURCREST FINANCE LIMITED,Finance Companies,,,,,,,,,,,,,,,,,
CAPITALFIELD FINANCIAL MANAGEMENT LIMITED,Finance Companies,,,,,,,,,,,,,,,,,
CAPRI-MARTINS FINANCE LIMITED,Finance Companies,,,,,,,,,,,,,,,,,
CARBON FINANCE AND INVESTMENT LIMITED,Finance Companies,,,,,,,,,,,,,,,,,
CASH-LINK LEASING PLC,Finance Companies,,,,,,,,,,,,,,,,,
CELOX FINANCE & INVESTMENT LIMITED,Finance Companies,,,,,,,,,,,,,,,,,
Centrum Finance Company Limited,Finance Companies,Centrum Finance Company Limited,Finance Company,National,ALC Finance Limited,18/05/2022,Centrum Finance Company Limited No 9B Lumumbashi Street Abacha Estate Wuse Zone 4 Abuja,Wuse Zone 4,ABUJA,+234 908 8888 198,centrumfinanceltd.com,info@centrumfinanceltd.com,+234 908 8888 198,Centrum Finance Company Limited No 9B Lumumbashi Street Abacha Estate Wuse Zone 4 Abuja,NGN,Domestic,-,03/12/2023
CEVIANT FINANCE LIMITED,Finance Companies,,,,,,,,,,,,,,,,,
CFS Financial Services Limited,Finance Companies,CFS Financial Services Limited,Finance Company,-,-,03/07/2007,"Eleganza Building, 15B Wesley/Joseph Street,",-,LAG,01-2600757,-,-,-,"Lagos Island,",NGN,Domestic,-,7/3/2007
CITIHOMES FINANCE COMPANY LIMITED,Finance Companies,,,,,,,,,,,,,,,,,
CO-LINK INVESTMENT MANAGEMENT COMPANY LIMITED,Finance Companies,CO-LINK INVESTMENT MANAGEMENT COMPANY LIMITED,Finance Company,-,-,03/07/2007,"NO,1 MOTOR WAYS AVENUE, ALAUSA, LAGOS",-,LAG,01-4932202,-,-,-,-,NGN,Domestic,-,7/3/2007
CONSUMER INVESTMENT LIMITED,Finance Companies,,,,,,,,,,,,,,,,,
CORE CAPITAL LIMITED,Finance Companies,CORE CAPITAL LIMITED,Finance Company,-,-,03/07/2007,"YCMA BUILDING, 77 AWOLOWO ROAD IKOYI, LAGOS",-,LAG,-,-,-,-,"Ikoyi, Lagos",NGN,Domestic,-,7/3/2007
COUNTY FINANCE LIMITED,Finance Companies,,,,,,,,,,,,,,,,,
CREDIT DIRECT LIMITED,Finance Companies,,,,,,,,,,,,,,,,,
CREDITE CAPITAL FINANCE & INVESTMENT LIMITED,Finance Companies,,,,,,,,,,,,,,,,,
CROWNWISE FINANCE & INVESTMENTS PLC,Finance Companies,,,,,,,,,,,,,,,,,
CRYSTAL FINANCE COMPANY LIMITED,Finance Companies,,,,,,,,,,,,,,,,,
CS ADVANCE FINANCE COMPANY LIMITED,Finance Companies,,,,,,,,,,,,,,,,,
DE-REAL PEOPLE FINANCE LIMITED,Finance Companies,,,,,,,,,,,,,,,,,
DIGNITY FINANCE LIMITED,Finance Companies,DIGNITY FINANCE LIMITED,Finance Company,-,INTER TRUST LIMITED,23/07/2009,"YOMA PLACE, NO 5 O.P. FINGESI STREET, UTAKO DISTRICT, ABUJA, FCT",Utako District,ABU,09-2905750; 08130030836,-,-,-,-,NGN,Domestic,-,3/13/2009
DOMINION FINANCE LIMITED,Finance Companies,DOMINION FINANCE LIMITED,Finance Company,-,-,03/07/2007,"207 IGBOSERE ROAD, LAGOS ISLAND, LAGOS",Lagos Island,LAG,-,-,-,-,"47/57 Martins Street , Lagos",NGN,-,-,7/3/2007
DYNAMIC FINANCE LIMITED,Finance Companies,,,,,,,,,,,,,,,,,
E-FINANCE LIMITED,Finance Companies,,,,,,,,,,,,,,,,,
ENCO FINANCE COMPANY LTD,Finance Companies,,,,,,,,,,,,,,,,,
EVERDEN FINANCIAL SERVICES LTD,Finance Companies,,,,,,,,,,,,,,,,,
EVIB FINANCE COMPANY LIMITED,Finance Companies,EVIB FINANCE COMPANY LIMITED,Finance Company,None,-,01/01/1900,"3 Shalom Drivem Patrick Harbour Estate Off Mojisola Onikoyi Estate, Ikoyi Lagos",Ikoyi,LAGOS,08053333585,-,-,-,-,NGN,Domestic,-,08/21/2024
FACTORING & SUPPLY CHAIN FINANCE LIMITED,Finance Companies,,,,,,,,,,,,,,,,,
FAST CREDIT LIMITED,Finance Companies,,,,,,,,,,,,,,,,,
FEWCHORE FINANCE COMPANY LIMITED,Finance Companies,,,,,,,,,,,,,,,,,
FIDUCIA FINANCE COMPANY LIMITED,Finance Companies,FIDUCIA FINANCE COMPANY LIMITED,Finance Company,None,-,01/01/1900,"The Rock Tower, The Rock Drive, Lekki Phase 1, Lagos State",Lekki,LAGOS,08033030836,-,-,-,-,NGN,Domestic,-,07/04/2024
FINANCE AND COMMERCIAL SERVICES LIMITED,Finance Companies,,,,,,,,,,,,,,,,,
FINANCIAL DERIVATIVES CO. LTD,Finance Companies,FINANCIAL DERIVATIVES CO. LTD,Finance Company,-,-,03/07/2007,"11A, Goriola Street;",-,LAG,01-2618279; 2622557; 2617429,-,-,-,"P.O. Box 72120, Victoria Island",NGN,Domestic,-,7/3/2007
FIRST CORNERSTONE FINANCE AND INVESTMENT LIMITED,Finance Companies,,,,,,,,,,,,,,,,,
FIRST MARINA TRUST LIMITED,Finance Companies,,,,,,,,,,,,,,,,,
FLOBAL FINANCIAL SERVICES LIMITED,Finance Companies,,,,,,,,,,,,,,,,,
FUNDIT FINANCIAL SERVICES LIMITED,Finance Companies,,,,,,,,,,,,,,,,,
FUNDQUEST FINANCIAL SERVICES LIMITED,Finance Companies,,,,,,,,,,,,,,,,,
FUNDSWORTH LIMITED,Finance Companies,FUNDSWORTH LIMITED,Finance Company,-,-,03/07/2007,"6, Louis Solomon Close;",-,LAG,01-4803077; 610782; 2611306,-,-,-,"P.O. Box 74424, Victoria Island",NGN,Domestic,-,7/3/2007
GADOL FINANCE LTD,Finance Companies,,,,,,,,,,,,,,,,,
GDL FINANCE AND LEASING COMPANY LIMITED,Finance Companies,,,,,,,,,,,,,,,,,
GOODGATE FINANCE LTD,Finance Companies,,,,,,,,,,,,,,,,,
GRAND TREASURERS LIMITED,Finance Companies,,,,,,,,,,,,,,,,,
GREENBOND FINANCE COMPANY LIMITED,Finance Companies,,,,,,,,,,,,,,,,,
GRIFFIN FINANCE LIMITED,Finance Companies,,,,,,,,,,,,,,,,,
Harmony Breakthrough Finance Company Limited,Finance Companies,Harmony Breakthrough Finance Company Limited,Finance Company,None,-,01/01/1900,"1st Floor Old Kingsway Building Radio Nigeria, Dugbe Ibadan, Oyo State",Ibadan,OYO,+2348022908650,-,-,-,-,NGN,Domestic,-,04/18/2024
HIDDEKEL CAPITAL LTD,Finance Companies,,,,,,,,,,,,,,,,,
INITIATIVE FINANCE LIMITED,Finance Companies,,,,,,,,,,,,,,,,,
LECON FINANCIAL SERVICES COMPANY LIMITED,Finance Companies,,,,,,,,,,,,,,,,,
LIGHT HOUSE INVESTMENTS LIMITED,Finance Companies,,,,,,,,,,,,,,,,,
LUKEFIELD FINANCE LIMITED,Finance Companies,,,,,,,,,,,,,,,,,
MERISTEM FINANCE LIMITED,Finance Companies,,,,,,,,,,,,,,,,,
MEZCREDIT FINANCE LIMITED,Finance Companies,,,,,,,,,,,,,,,,,
MIM FINANCE COMPANY LTD,Finance Companies,,,,,,,,,,,,,,,,,
NEWEDGE FINANCE LIMITED,Finance Companies,,,,,,,,,,,,,,,,,
NICHOLE FINANCE COMPANY LIMITED,Finance Companies,,,,,,,,,,,,,,,,,
NOBLESERVE CAPITAL MANAGEMENT LIMITED,Finance Companies,,,,,,,,,,,,,,,,,
NOLT FINANCE COMPANY LIMITED,Finance Companies,NOLT FINANCE COMPANY LIMITED,Finance Company,None,-,01/01/1900,"Suite 4, First Floor, 11 Awolowo Road, Ikoyi, Lagos State",Ikoyi,LAGOS,081492205557,-,-,-,-,NGN,Domestic,-,06/15/2022
NORTHQUEST FINANCE COMPANY LIMITED,Finance Companies,NORTHQUEST FINANCE COMPANY LIMITED,Finance Company,None,-,01/01/1900,"8B Oluwakayode Jacobs Crescent, Lekki Phase 1, Lagos State",Lekki,LAGOS,07070071777 09070071555,-,-,-,-,NGN,Domestic,-,08/13/2024
O3 CAPITAL LIMITED,Finance Companies,,,,,,,,,,,,,,,,,
OKAZI FINANCE LIMITED,Finance Companies,,,,,,,,,,,,,,,,,
One-Stop Finance Company,Finance Companies,One-Stop Finance Company,Finance Company,None,-,01/01/1900,"No 96 Ogui Road, Enugu, Enugu State",Enugu,ENUGU,+2348036617454,-,-,-,-,NGN,Domestic,-,07/10/2024
OPTICOM LEASING COMPANY LIMITED,Finance Companies,,,,,,,,,,,,,,,,,
ORANGE ONE FINANCE COMPANY LIMITED,Finance Companies,,,,,,,,,,,,,,,,,
OXYGEN X FINANCE COMPANY LIMITED,Finance Companies,OXYGEN X FINANCE COMPANY LIMITED,Finance Company,None,-,01/01/1900,"4th Floor Plot 1665, Oyin Jolayemi Street, Victoria Island Lagos",Victoria Island,LAGOS,08170002422,-,-,-,-,NGN,Domestic,-,06/19/2024
PAGE INTERNATIONAL FINANCIAL SERVICES LIMITED,Finance Companies,,,,,,,,,,,,,,,,,
PARADIGM FINANCE LIMITED,Finance Companies,,,,,,,,,,,,,,,,,
PERENNIAL FINANCE LIMITED,Finance Companies,,,,,,,,,,,,,,,,,
PFI FINANCIAL LIMITED,Finance Companies,,,,,,,,,,,,,,,,,
PILOT FINANCE LIMITED,Finance Companies,,,,,,,,,,,,,,,,,
PREFERRED FINANCE COMPANY LIMITED,Finance Companies,,,,,,,,,,,,,,,,,
PROSPERIS FINNANCE LIMITED,Finance Companies,,,,,,,,,,,,,,,,,
QUIDPRO FINANCE COMPANY LIMITED,Finance Companies,,,,,,,,,,,,,,,,,
QUITS FINANCE LIMITED,Finance Companies,,,,,,,,,,,,,,,,,
REDOAK TRUST AND INVESTMENT LIMITED,Finance Companies,,,,,,,,,,,,,,,,,
RESOLUTION FINANCE LIMITED,Finance Companies,,,,,,,,,,,,,,,,,
ROSABON FINANCIAL SERVICES LIMITED,Finance Companies,,,,,,,,,,,,,,,,,
ROYAL CREST FINANCE LIMITED,Finance Companies,,,,,,,,,,,,,,,,,
ROYAL EXCHANGE FINANCE AND INVESTMENT LIMITED,Finance Companies,,,,,,,,,,,,,,,,,
SAGE GREY FINANCE LIMITED,Finance Companies,,,,,,,,,,,,,,,,,
SFS CREDITS LIMITED,Finance Companies,,,,,,,,,,,,,,,,,
SIMPLE FINANCE LIMTED,Finance Companies,,,,,,,,,,,,,,,,,
SKYSTONE CAPITAL AND INVESTMENT LIMITED,Finance Companies,,,,,,,,,,,,,,,,,
SNOW FINANCIAL SERVICES LIMITED,Finance Companies,,,,,,,,,,,,,,,,,
SPRING SKY FINANCE COMPANY LIMITED,Finance Companies,SPRING SKY FINANCE COMPANY LIMITED,Finance Company,None,-,01/01/1900,"Plot 6, Block 101, Furo Ezimaora Road, Lekki Phase 1, Lagos State",Lekki,LAGOS,07070071777 09070071555,-,-,-,-,NGN,Domestic,-,08/13/2024
STILL EARTH CAPITAL FINANCE LIMITED,Finance Companies,,,,,,,,,,,,,,,,,
STIRLING TRUST COMPANY LIMITED,Finance Companies,,,,,,,,,,,,,,,,,
SUPRA FINANCE LIMITED,Finance Companies,,,,,,,,,,,,,,,,,
TEKLA FACTROING AND FINANCE,Finance Companies,,,,,,,,,,,,,,,,,
THE BROOK FINANCE LTD,Finance Companies,,,,,,,,,,,,,,,,,
THOMAS GILTS FINANCE LIMITED,Finance Companies,,,,,,,,,,,,,,,,,
TRANSKREDIT FINANCE COMPANY LIMITED,Finance Companies,,,,,,,,,,,,,,,,,
TRINITY FINANCE LIMITED,Finance Companies,,,,,,,,,,,,,,,,,
TROPICS FINANCE AND INVESTMENT COMPANY LIMITED,Finance Companies,,,,,,,,,,,,,,,,,
UNIVERSAL INVEST & DEV. CO. LTD,Finance Companies,,,,,,,,,,,,,,,,,
UT FINANCIAL SERVICES NIGERIA LIMITED,Finance Companies,,,,,,,,,,,,,,,,,
VALE FINANCE LTD,Finance Companies,,,,,,,,,,,,,,,,,
VIVA FINANCE LIMITED,Finance Companies,,,,,,,,,,,,,,,,,
WESTWOOD FINANCIAL SERVICES LIMITED,Finance Companies,,,,,,,,,,,,,,,,,
Whitecrust Finance Company Limited,Finance Companies,Whitecrust Finance Company Limited,Finance Company,None,-,01/01/1900,"402, Ikorodu Road, By Ojota Bus Stop, Lagos State",Lagos,LAGOS,+2347026198185,-,-,-,-,NGN,Domestic,-,08/29/2024
WOODHALL FINANCE COMPANY LIMITED,Finance Companies,,,,,,,,,,,,,,,,,
WSTC FINANCIAL SERVICES LIMITED,Finance Companies,,,,,,,,,,,,,,,,,
ZEDVANCE FINANCE LIMITED,Finance Companies,,,,,,,,,,,,,,,,,
CORONATION MERCHANT BANK,Merchant Banks,,,,,,,,,,,,,,,,,
FBNQUEST MERCHANT BANK,Merchant Banks,,,,,,,,,,,,,,,,,
FSDH MERCHANT BANK,Merchant Banks,,,,,,,,,,,,,,,,,
GREENWICH MERCHANT BANK,Merchant Banks,,,,,,,,,,,,,,,,,
RAND MERCHANT BANK,Merchant Banks,,,,,,,,,,,,,,,,,
AACB Microfinance Bank Limited,Micro-finance Banks,,,,,,,,,,,,,,,,,
AB Microfinance Bank Limited,Micro-finance Banks,,,,,,,,,,,,,,,,,
Abia SME Microfinance Bank,Micro-finance Banks,,,,,,,,,,,,,,,,,
Abia State University Microfinance Bank Limited,Micro-finance Banks,Abia State University Microfinance Bank Limited,MicroFinance Bank,STATE MFB,Abia State Univ. Community Bank Limited,01/02/2008,"Uturu, Isuikwuato LGA, Abia State",Abia,ABI,-,-,-,-,"P.M.B. 2000, Uturu, Isuikwuato LGA, Abia State",NGN,Domestic,Provisional approval to convert to microfinance bank,2/1/2008
Abigi Microfinance Bank Limited,Micro-finance Banks,,,,,,,,,,,,,,,,,
Above Only Microfinance Bank,Micro-finance Banks,,,,,,,,,,,,,,,,,
Abubakar Tafawa Balewa University (ATBU) Microfinance Bank,Micro-finance Banks,,,,,,,,,,,,,,,,,
Abucoop Microfinance Bank Limited,Micro-finance Banks,,,,,,,,,,,,,,,,,
Abulesoro Microfinance Bank,Micro-finance Banks,,,,,,,,,,,,,,,,,
Accion Microfinance Bank Limited,Micro-finance Banks,Accion Microfinance Bank Limited,MicroFinance Bank,NATIONAL MFB,-,06/11/2007,"ELIZADE PLAZA, 4TH FLOOR, 322A IKORODU ROAD, ANTHONY, IKEJA, LAGOS",Lagos,LAG,01-2719325-6,-,-,01-2719327,"P.O. Box 1075, Victoria Island",NGN,Domestic,-,11/6/2007
ACE Microfinance Bank Limited,Micro-finance Banks,ACE Microfinance Bank Limited,MicroFinance Bank,TIER 2 UNIT,ACE Community Bank Limited,01/02/2008,"3, Daniel Aliyu Street, Kwali, Abuja",Abuja,ABJ,-,-,-,-,"P.O.Box 011, Kwali, Abuja",NGN,Domestic,provisional approval to convert to microfinance bank,2/1/2008
Achina Microfinance Bank Limited,Micro-finance Banks,,,,,,,,,,,,,,,,,
ADA Microfinance Bank Limited,Micro-finance Banks,,,,,,,,,,,,,,,,,
Adazi-Enu Microfinance Bank Limited,Micro-finance Banks,,,,,,,,,,,,,,,,,
Adazi-Nnukwu Microfinance Bank Limited,Micro-finance Banks,Adazi-Nnukwu Microfinance Bank Limited,MicroFinance Bank,TIER 2 UNIT,Adazi-Nnukwu Community Bank Limited,01/02/2008,"Near Eke Market, Adazi Nnukwu, Adazi, Anambra State",Anambra,ANA,-,-,-,-,"Near Eke Market, Adazi Nnukwu, Adazi, Anambra Stat",NGN,Domestic,provisional approval to convert to microfinance bank,2/1/2008
Addosser Microfinance Bank Limited,Micro-finance Banks,,,,,,,,,,,,,,,,,
Adeyemi College Staff Microfinance Bank,Micro-finance Banks,,,,,,,,,,,,,,,,,
Afekhafe Microfinance Bank,Micro-finance Banks,,,,,,,,,,,,,,,,,
Afemai Microfinance Bank Limited,Micro-finance Banks,Afemai Microfinance Bank Limited,MicroFinance Bank,STATE MFB,Uzairue Community Bank Limited,20/09/2007,"61B, Bode Road, Jattu-Uzairue",Edo,EDO,-,-,-,-,"P.O. Box 30, Jattu-Uzairue, Etsako West LGA",NGN,Domestic,-,9/20/2007
Agosasa Microfinance Bank Limited,Micro-finance Banks,Agosasa Microfinance Bank Limited,MicroFinance Bank,TIER 2 UNIT,Agosasa Community Bank Limited,01/02/2008,"5, Ilupeju Estate, Ipokia Road,",Ogun,OGU,-,-,-,-,"Agosasa, Yewa South Local Govt Area",NGN,Domestic,-,2/1/2008
Ahmadu Bello University Microfinance Bank Limited,Micro-finance Banks,Ahmadu Bello University Microfinance Bank Limited,MicroFinance Bank,STATE MFB,Ahmadu Bello University Community Bank Limited,01/02/2008,"Main Campus, Opp. Post Graduate School,",-,KAD,-,-,-,-,"Ahmadu Ballo University Campus, Zaria",NGN,Domestic,-,2/1/2008
Aibio Microfinance Bank,Micro-finance Banks,,,,,,,,,,,,,,,,,
Ajewole Microfinance Bank Limited,Micro-finance Banks,,,,,,,,,,,,,,,,,
Ajose Microfinance Bank Limited,Micro-finance Banks,Ajose Microfinance Bank Limited,MicroFinance Bank,TIER 2 UNIT,Ajose Community Bank Limited,01/02/2008,"Ejinrin Road, Ijebu South",Ogun,OGU,-,-,-,-,"P.O. Box 806, Ijebu-Ode",NGN,Domestic,-,2/1/2008
Ajuta Microfinance Bank Limited,Micro-finance Banks,Ajuta Microfinance Bank Limited,MicroFinance Bank,TIER 2 UNIT,Ogbagi Community Bank Limited,01/02/2008,"Market Road, Loso Quarters, Ogbagi Akoko",Ondo,OND,-,-,-,-,"Market Road, Loso Quarters, Ogbagi Akoko, Ondo State",NGN,Domestic,-,2/1/2008
Akalabo Microfinance Bank Limited,Micro-finance Banks,Akalabo Microfinance Bank Limited,MicroFinance Bank,TIER 2 UNIT,Amesi Community Bank Limited,01/02/2008,"Co-operative House, Afor Market Square",Anambra,ANA,8037456842,-,-,-,"Co-operative House, Afor Market Square, Amesi, Aguata LGA, Anambra State",NGN,Domestic,-,2/1/2008
Akokwa Microfinance Bank Limited,Micro-finance Banks,,,,,,,,,,,,,,,,,
Akpo Microfinance Bank Limited,Micro-finance Banks,Akpo Microfinance Bank Limited,MicroFinance Bank,TIER 2 UNIT,Akpo Community Bank Limited,01/02/2008,"Akpo Junction, Akpo, Aguata LGA, Anambra State",Anambra,ANA,-,-,-,-,"Akpo Junction, Akpo, Aguata LGA, Anambra State",NGN,Domestic,provisional approval to convert to microfinance bank,2/1/2008
Aku Diewa Microfinance Bank Limited,Micro-finance Banks,,,,,,,,,,,,,,,,,
Akuchukwu Microfinance Bank Limited,Micro-finance Banks,,,,,,,,,,,,,,,,,
Al-Barakah Microfinance Bank Limited,Micro-finance Banks,,,,,,,,,,,,,,,,,
Al-Hayat Microfinance Bank,Micro-finance Banks,,,,,,,,,,,,,,,,,
Albasu Microfinance Bank Limited,Micro-finance Banks,,,,,,,,,,,,,,,,,
Alekun Microfinance Bank Limited,Micro-finance Banks,Alekun Microfinance Bank Limited,MicroFinance Bank,TIER 2 UNIT,Alekun Community Bank Limited,01/02/2008,"6, Oladipo Diya Road, Odogbolu",Ogun,OGU,-,-,-,-,"6, Oladipo Diya Road, Odogbolu",NGN,Domestic,-,2/1/2008
Alert Microfinance Bank,Micro-finance Banks,,,,,,,,,,,,,,,,,
Algreb Microfinance Bank,Micro-finance Banks,,,,,,,,,,,,,,,,,
Aliero Microfinance Bank Limited,Micro-finance Banks,,,,,,,,,,,,,,,,,
All Workers Microfinance Bank Limited,Micro-finance Banks,All Workers Microfinance Bank Limited,MicroFinance Bank,STATE MFB,All Workers Community Bank Limited,01/02/2008,"30, MBARI STREET, IKENEGBU LAYOUT, OWERRI, IMO STATE",Owerri,IMO,-,-,-,-,"30, MBARI STREET, IKENEGBU LAYOUT, OWERRI, IMO STATE",NGN,Domestic,-,2/1/2008
Alor Microfinance Bank Limited,Micro-finance Banks,Alor Microfinance Bank Limited,MicroFinance Bank,TIER 2 UNIT,Alor Community Bank Limited,01/02/2008,"Nkwor Alor Market Square, Idemili South LGA, Anambra State",Anambra,ANA,-,-,-,-,"Nkwor Alor Market Square, Idemili South LGA, Anambra State",NGN,Domestic,provisional approval to convert to microfinance bank,2/1/2008
Alpha Kapital Microfinance Bank,Micro-finance Banks,,,,,,,,,,,,,,,,,
Alvana Microfinance Bank Limited,Micro-finance Banks,,,,,,,,,,,,,,,,,
AMAC Microfinance Bank,Micro-finance Banks,,,,,,,,,,,,,,,,,
Amazu Microfinance Bank Limited,Micro-finance Banks,,,,,,,,,,,,,,,,,
Amegy Microfinance Bank Limited,Micro-finance Banks,,,,,,,,,,,,,,,,,
AMJU-Unique Microfinance Bank Limited,Micro-finance Banks,,,,,,,,,,,,,,,,,
AMML Microfinance Bank Limited (Abuja Markets Management Ltd),Micro-finance Banks,,,,,,,,,,,,,,,,,
Ampersand Microfinance Bank,Micro-finance Banks,,,,,,,,,,,,,,,,,
Ample Microfinance Bank Limited,Micro-finance Banks,Ample Microfinance Bank Limited,MicroFinance Bank,TIER 2 UNIT,-,01/01/1900,"Comfort Fatoyinbo House, Ilorin-Kabba Road, Eruku, Kwara State",Eruku,KWARA,+2348055000023,-,-,-,-,NGN,Domestic,-,09/02/2024
Amucha Microfinance Bank Limited,Micro-finance Banks,,,,,,,,,,,,,,,,,
Anchorage Microfinance Bank Limited,Micro-finance Banks,,,,,,,,,,,,,,,,,
Aniocha Microfinance Bank Limited,Micro-finance Banks,,,,,,,,,,,,,,,,,
Annointed Microfinance Bank Limited,Micro-finance Banks,,,,,,,,,,,,,,,,,
Aogo Microfinance Bank Limited,Micro-finance Banks,,,,,,,,,,,,,,,,,
Apa Microfinance Bank Limited,Micro-finance Banks,,,,,,,,,,,,,,,,,
Apex Trust Microfinance Bank Limited,Micro-finance Banks,,,,,,,,,,,,,,,,,
Apple Microfinance Bank Limited,Micro-finance Banks,Apple Microfinance Bank Limited,MicroFinance Bank,TIER 2 UNIT,Oru & Ayetoro CBs,01/02/2008,"26, Agbon Street, Oru-Ijebu",Ogun,OGU,-,-,-,-,"26, Agbon Street, Oru-Ijebu, Ogun State",NGN,Domestic,-,2/1/2008
Aramoko Microfinance Bank Limited,Micro-finance Banks,Aramoko Microfinance Bank Limited,MicroFinance Bank,TIER 2 UNIT,Aramoko Community Bank Limited,01/02/2008,"Civic Centre, Aramoko Ekiti",Ekiti,EKI,-,-,-,-,"Civic Centre, Aramoko Ekiti State",NGN,Domestic,-,2/1/2008
Aris Microfinance Bank,Micro-finance Banks,,,,,,,,,,,,,,,,,
Asha Microfinance Bank Limited,Micro-finance Banks,,,,,,,,,,,,,,,,,
Aspire Microfinance Bank LImited,Micro-finance Banks,Aspire Microfinance Bank LImited,MicroFinance Bank,STATE MFB,-,02/05/2008,"No. 254, Umusadegi Road, Kwale",Delta,DEL,8066687070,-,-,-,"No. 254, Umusadegi Road, Kwale, Delta State",NGN,Domestic,Approval-In-Principle granted,5/2/2008
Asset Matrix Microfinance Bank Limited,Micro-finance Banks,,,,,,,,,,,,,,,,,
Assets Microfinance Bank Limited,Micro-finance Banks,,,,,,,,,,,,,,,,,
Astra Polaris Microfinance Bank Limited,Micro-finance Banks,,,,,,,,,,,,,,,,,
Auchi Microfinance Bank Limited,Micro-finance Banks,Auchi Microfinance Bank Limited,MicroFinance Bank,TIER 2 UNIT,Auchi Community Bank Limited,01/02/2008,"40, Otaru Road, Auchi",-,EDO,-,-,-,-,"40, Otaru Road, Auchi",NGN,Domestic,-,2/1/2008
Auchi Polytechnic Microfinance Bank Limited,Micro-finance Banks,,,,,,,,,,,,,,,,,
AVE MARIA MFB,Micro-finance Banks,AVE MARIA MFB,MicroFinance Bank,TIER 2 UNIT,-,01/01/1900,"NO.16, OKE ASUNNARA, IWERE-ILE IWAJOWA LGA, OYO STATE",OYO STATE,OYO,(239)352-3903,-,-,-,"NO.16, OKE ASUNNARA, IWERE-ILE IWAJOWA LGA, OYO STATE",NGN,Domestic,-,27/10/2022
Avunegbe Microfinance Bank Limited,Micro-finance Banks,,,,,,,,,,,,,,,,,
Awe Microfinance Bank Limited,Micro-finance Banks,,,,,,,,,,,,,,,,,
AWESOME MFB,Micro-finance Banks,,,,,,,,,,,,,,,,,
Awka-Etiti Microfinance Bank Limited,Micro-finance Banks,Awka-Etiti Microfinance Bank Limited,MicroFinance Bank,TIER 2 UNIT,Awka-Etiti Community Bank Limited,01/02/2008,"KM 1-3, Nnobi Awka Etiti Road, Idemili LGA, Anambra",Anambra,ANA,-,-,-,-,"KM 1-3, Nnobi Awka Etiti Road, Idemili LGA, Anambra",NGN,Domestic,provisional approval to convert to microfinance bank,2/1/2008
Awkuzu Microfinance Bank Limited,Micro-finance Banks,,,,,,,,,,,,,,,,,
AZSA Microfinance Bank Limited,Micro-finance Banks,,,,,,,,,,,,,,,,,
B C Kash Microfinance Bank,Micro-finance Banks,,,,,,,,,,,,,,,,,
Babba Microfinance Bank Limited,Micro-finance Banks,,,,,,,,,,,,,,,,,
Babcock Microfinance Bank Limited,Micro-finance Banks,Babcock Microfinance Bank Limited,MicroFinance Bank,TIER 2 UNIT,-,01/01/1900,"Babcock University, Babcock University Road, Ilishan-Remo, Ogun State",-,OGU,"07065155688; 07034471974, 07089260400",-,babcockmfb@gmail.com,-,"Babcock University, Babcock University Road, Ilishan-Remo, Ogun State",NGN,Domestic,-,7/28/2014
Babura Microfinance Bank Limited,Micro-finance Banks,,,,,,,,,,,,,,,,,
Baines Credit Microfinance bank,Micro-finance Banks,,,,,,,,,,,,,,,,,
Balera Microfinance Bank Limited,Micro-finance Banks,,,,,,,,,,,,,,,,,
Balogun Fulani Microfinance Bank Limited,Micro-finance Banks,,,,,,,,,,,,,,,,,
Balogun Gambari Microfinance Bank Limited,Micro-finance Banks,,,,,,,,,,,,,,,,,
Bam Microfinance Bank Limited,Micro-finance Banks,Bam Microfinance Bank Limited,MicroFinance Bank,STATE MFB,-,22/01/2008,"SUITE D77/67, AREA11 SHOPPING MALL (BY FCDA JUNCTION), AHMADU BELLO WAY, AREA 11, GARKI, ABUJA, FCT","Garki District, Abuja",ABJ,-,-,-,-,"SUITE D77/67, AREA11 SHOPPING MALL (BY FCDA JUNCTION), AHMADU BELLO WAY, AREA 11, GARKI, ABUJA, FCT",NGN,Domestic,Approval_In_Principle granted,1/22/2008
Banex Microfinance Bank Limited,Micro-finance Banks,,,,,,,,,,,,,,,,,
Baobab Microfinance Bank,Micro-finance Banks,,,,,,,,,,,,,,,,,
Barnawa Microfinance Bank Limited,Micro-finance Banks,Barnawa Microfinance Bank Limited,MicroFinance Bank,STATE MFB,Barnawa community Bank Limited,01/02/2008,"PLOT 3, MOZAMBIQUE ROAD, BARNAWA SHOPPING COMPLEX, BARNAWA KADUNA SOUTH, KADUNA STATE.","Kaduna, Kaduna State",KAD,-,-,-,-,"PLOT 3, MOZAMBIQUE ROAD, BARNAWA SHOPPING COMPLEX, BARNAWA KADUNA SOUTH, KADUNA STATE.",NGN,Domestic,provisional approval to convert to microfinance ba,2/1/2008
BATAGWARA MFB,Micro-finance Banks,,,,,,,,,,,,,,,,,
Bauchi CFA Mirofinance Bank Limited,Micro-finance Banks,,,,,,,,,,,,,,,,,
Bauchi Investment Corporation MFB Limited (BIC),Micro-finance Banks,,,,,,,,,,,,,,,,,
BAURE MFB,Micro-finance Banks,,,,,,,,,,,,,,,,,
Bawyi Microfinance Bank Limited,Micro-finance Banks,,,,,,,,,,,,,,,,,
Bayajidda Microfinance Bank Limited,Micro-finance Banks,,,,,,,,,,,,,,,,,
Bayero University Microfinance Bank,Micro-finance Banks,,,,,,,,,,,,,,,,,
Bayetin Microfinance Bank Limited,Micro-finance Banks,,,,,,,,,,,,,,,,,
Bejin-Doko Microfinance Bank Limited,Micro-finance Banks,,,,,,,,,,,,,,,,,
Benue Microfinance Bank,Micro-finance Banks,,,,,,,,,,,,,,,,,
Benysta Microfinance Bank,Micro-finance Banks,,,,,,,,,,,,,,,,,
Berachah Microfinance Bank Limited,Micro-finance Banks,,,,,,,,,,,,,,,,,
Best Star Microfinance Bank Limited,Micro-finance Banks,,,,,,,,,,,,,,,,,
Bethel Microfinance Bank Limited,Micro-finance Banks,Bethel Microfinance Bank Limited,MicroFinance Bank,TIER 1 UNIT,Okosisi Community Bank Limited,01/02/2008,"PLOT C/1 OWERRI ROAD EXTENSION, SECRETARIAT QTRS, ASATA, ENUGU STATE.",Asata,ENU,-,-,-,-,"PLOT C/1 OWERRI ROAD EXTENSION, SECRETARIAT QTRS, ASATA, ENUGU STATE.",NGN,Domestic,-,2/1/2008
Better Life Microfinace Bank,Micro-finance Banks,,,,,,,,,,,,,,,,,
Bichi Microfinance Bank Limited,Micro-finance Banks,,,,,,,,,,,,,,,,,
Bida Polytechnic Microfinance Bank,Micro-finance Banks,,,,,,,,,,,,,,,,,
Blooms Microfinance Bank,Micro-finance Banks,Blooms Microfinance Bank,MicroFinance Bank,TIER 2 UNIT,-,01/01/1900,"No 108 Lagos Road, Ikorodu, Lagos State",Ikorodu,LAGOS,+2347011778441,-,-,-,-,NGN,Domestic,-,06/13/2023
BLUCON MFB,Micro-finance Banks,,,,,,,,,,,,,,,,,
BLUE RIDGE MFB,Micro-finance Banks,,,,,,,,,,,,,,,,,
BLUEPRINT INVESTMENTS MFB,Micro-finance Banks,,,,,,,,,,,,,,,,,
BOCTRUST MFB,Micro-finance Banks,,,,,,,,,,,,,,,,,
BOI MFB,Micro-finance Banks,,,,,,,,,,,,,,,,,
BOJI BOJI MFB LTD.,Micro-finance Banks,,,,,,,,,,,,,,,,,
BOKKOS MFB,Micro-finance Banks,,,,,,,,,,,,,,,,,
BOMPAI MFB,Micro-finance Banks,,,,,,,,,,,,,,,,,
BONGHE MFB,Micro-finance Banks,,,,,,,,,,,,,,,,,
Boost Microfinance Bank Limited,Micro-finance Banks,Boost Microfinance Bank Limited,MicroFinance Bank,TIER 2 UNIT,-,01/01/1900,"No 108 Lagos Road, Ikorodu, Lagos State",Ikorodu,LAGOS,xxx,-,-,-,-,NGN,Domestic,-,08/08/2024
BORGU MFB,Micro-finance Banks,,,,,,,,,,,,,,,,,
BORNO RENAISSANCE MFB LTD.,Micro-finance Banks,,,,,,,,,,,,,,,,,
BOROMU MFB,Micro-finance Banks,,,,,,,,,,,,,,,,,
BORSTAL MFB,Micro-finance Banks,,,,,,,,,,,,,,,,,
BOSAK MFB,Micro-finance Banks,,,,,,,,,,,,,,,,,
BOWEN MFB,Micro-finance Banks,,,,,,,,,,,,,,,,,
BOWMAN MFB,Micro-finance Banks,,,,,,,,,,,,,,,,,
BRETHREN  MFB,Micro-finance Banks,,,,,,,,,,,,,,,,,
BRIGHTWAY MFB LTD,Micro-finance Banks,,,,,,,,,,,,,,,,,
BROADVIEW MFB,Micro-finance Banks,,,,,,,,,,,,,,,,,
BROOKS MFB,Micro-finance Banks,,,,,,,,,,,,,,,,,
BUBAYERO MFB LTD,Micro-finance Banks,,,,,,,,,,,,,,,,,
BUNDI MFB,Micro-finance Banks,,,,,,,,,,,,,,,,,
BUNGUDU MFB,Micro-finance Banks,,,,,,,,,,,,,,,,,
BUNKASA MFB,Micro-finance Banks,,,,,,,,,,,,,,,,,
BUNKURE MFB,Micro-finance Banks,,,,,,,,,,,,,,,,,
BUSU MFB,Micro-finance Banks,,,,,,,,,,,,,,,,,
CANAAN MFB,Micro-finance Banks,,,,,,,,,,,,,,,,,
CAPITALMETRIQ SWIFT MFB,Micro-finance Banks,,,,,,,,,,,,,,,,,
CAPSTONE MFB,Micro-finance Banks,,,,,,,,,,,,,,,,,
CARBON MFB,Micro-finance Banks,,,,,,,,,,,,,,,,,
CARETAKER MFB,Micro-finance Banks,,,,,,,,,,,,,,,,,
CASH RITE MFB,Micro-finance Banks,,,,,,,,,,,,,,,,,
CASHCONNECT MFB,Micro-finance Banks,,,,,,,,,,,,,,,,,
CASTLE MFB,Micro-finance Banks,,,,,,,,,,,,,,,,,
CATLAND MFB,Micro-finance Banks,,,,,,,,,,,,,,,,,
CEDAR MFB,Micro-finance Banks,,,,,,,,,,,,,,,,,
CHALLENGE MFB,Micro-finance Banks,,,,,,,,,,,,,,,,,
CHANELLE MFB,Micro-finance Banks,,,,,,,,,,,,,,,,,
CHANGAN RTS MFB,Micro-finance Banks,,,,,,,,,,,,,,,,,
CHASE MFB LTD,Micro-finance Banks,,,,,,,,,,,,,,,,,
CHEVRON EMPLOYEE CO-OPERATIVE MFB (CEMCS),Micro-finance Banks,,,,,,,,,,,,,,,,,
CHIBUEZE MFB,Micro-finance Banks,,,,,,,,,,,,,,,,,
CHIKUM MFB,Micro-finance Banks,,,,,,,,,,,,,,,,,
CHRISORE MFB,Micro-finance Banks,,,,,,,,,,,,,,,,,
CHRONICLES MFB,Micro-finance Banks,,,,,,,,,,,,,,,,,
CHUKWUNENYE MFB,Micro-finance Banks,,,,,,,,,,,,,,,,,
CINTRUST MFB,Micro-finance Banks,,,,,,,,,,,,,,,,,
CIT MFB,Micro-finance Banks,,,,,,,,,,,,,,,,,
CITIZEN TRUST MFB,Micro-finance Banks,,,,,,,,,,,,,,,,,
CITY MISSION METHODIST MFB,Micro-finance Banks,,,,,,,,,,,,,,,,,
CIVIC MFB,Micro-finance Banks,,,,,,,,,,,,,,,,,
CLOVERLEAF MFB,Micro-finance Banks,,,,,,,,,,,,,,,,,
COAL CAMP MFB,Micro-finance Banks,,,,,,,,,,,,,,,,,
COASTLINE MFB,Micro-finance Banks,,,,,,,,,,,,,,,,,
COEMINNA MFB,Micro-finance Banks,,,,,,,,,,,,,,,,,
CONFIDENCE MFB,Micro-finance Banks,,,,,,,,,,,,,,,,,
CONSISTENT TRUST MFB,Micro-finance Banks,,,,,,,,,,,,,,,,,
CONSUMER MFB,Micro-finance Banks,,,,,,,,,,,,,,,,,
CORESTEP MFB,Micro-finance Banks,,,,,,,,,,,,,,,,,
COVENANT MFB,Micro-finance Banks,,,,,,,,,,,,,,,,,
CREEKLINE MFB,Micro-finance Banks,,,,,,,,,,,,,,,,,
CRESCENT MFB,Micro-finance Banks,,,,,,,,,,,,,,,,,
CREST MFB,Micro-finance Banks,,,,,,,,,,,,,,,,,
CROSSRIVER MFB,Micro-finance Banks,,,,,,,,,,,,,,,,,
CRUTECH MFB,Micro-finance Banks,,,,,,,,,,,,,,,,,
CRYSTABEL MFB,Micro-finance Banks,,,,,,,,,,,,,,,,,
CSD MFB,Micro-finance Banks,,,,,,,,,,,,,,,,,
CUSTODIAN MFB,Micro-finance Banks,,,,,,,,,,,,,,,,,
DAILY-TRUST MFB,Micro-finance Banks,,,,,,,,,,,,,,,,,
DAL MFB,Micro-finance Banks,,,,,,,,,,,,,,,,,
DAMBATTA- MAKODA MFB,Micro-finance Banks,,,,,,,,,,,,,,,,,
DAVODANI MFB,Micro-finance Banks,,,,,,,,,,,,,,,,,
DAWAKIN KUDU MFB,Micro-finance Banks,,,,,,,,,,,,,,,,,
DAWAKIN TOFA MFB,Micro-finance Banks,,,,,,,,,,,,,,,,,
DAYLIGHT MFB LTD,Micro-finance Banks,,,,,,,,,,,,,,,,,
DEC-ENUGU MFB,Micro-finance Banks,,,,,,,,,,,,,,,,,
DESTINY MFB,Micro-finance Banks,,,,,,,,,,,,,,,,,
DIOBU MFB,Micro-finance Banks,,,,,,,,,,,,,,,,,
DOGUWA MFB,Micro-finance Banks,,,,,,,,,,,,,,,,,
DOLPHIN MFB,Micro-finance Banks,,,,,,,,,,,,,,,,,
DORBEN MFB,Micro-finance Banks,,,,,,,,,,,,,,,,,
DUTSE MFB,Micro-finance Banks,,,,,,,,,,,,,,,,,
DUTSIN-MA MFB,Micro-finance Banks,,,,,,,,,,,,,,,,,
e-BARCS MFB,Micro-finance Banks,,,,,,,,,,,,,,,,,
EAGLE FLIGHT MFB,Micro-finance Banks,,,,,,,,,,,,,,,,,
EARNWELL MFB,Micro-finance Banks,,,,,,,,,,,,,,,,,
EAST GATE MFB,Micro-finance Banks,,,,,,,,,,,,,,,,,
EASTMAN MFB,Micro-finance Banks,,,,,,,,,,,,,,,,,
EASY ACCESS MFB LTD,Micro-finance Banks,,,,,,,,,,,,,,,,,
EBEDI MFB,Micro-finance Banks,,,,,,,,,,,,,,,,,
EBONYI STATE UNIVERSITY MFB (EBSU),Micro-finance Banks,,,,,,,,,,,,,,,,,
EDFIN MFB,Micro-finance Banks,,,,,,,,,,,,,,,,,
EDO MFB,Micro-finance Banks,,,,,,,,,,,,,,,,,
EGBE MFB,Micro-finance Banks,,,,,,,,,,,,,,,,,
EGBEMOHA MFB,Micro-finance Banks,,,,,,,,,,,,,,,,,
EGWAFIN MFB,Micro-finance Banks,,,,,,,,,,,,,,,,,
EJINDU MFB,Micro-finance Banks,,,,,,,,,,,,,,,,,
EK-RELIABLE MFB,Micro-finance Banks,,,,,,,,,,,,,,,,,
EKIMOGUN MFB,Micro-finance Banks,,,,,,,,,,,,,,,,,
EKONDO MFB,Micro-finance Banks,,,,,,,,,,,,,,,,,
EKWULOBIA MFB,Micro-finance Banks,,,,,,,,,,,,,,,,,
ELO-EMEDE MFB,Micro-finance Banks,,,,,,,,,,,,,,,,,
EMERALD MFB,Micro-finance Banks,,,,,,,,,,,,,,,,,
EMPIRE TRUST MFB,Micro-finance Banks,,,,,,,,,,,,,,,,,
ENDWELL MFB,Micro-finance Banks,,,,,,,,,,,,,,,,,
ENEDE MFB LTD,Micro-finance Banks,,,,,,,,,,,,,,,,,
ENRICH MFB,Micro-finance Banks,,,,,,,,,,,,,,,,,
EQUATOR MFB,Micro-finance Banks,,,,,,,,,,,,,,,,,
EQUINOX MFB,Micro-finance Banks,,,,,,,,,,,,,,,,,
ESO-E MFB,Micro-finance Banks,,,,,,,,,,,,,,,,,
EVERGREEN MFB,Micro-finance Banks,,,,,,,,,,,,,,,,,
EWT MFB,Micro-finance Banks,,,,,,,,,,,,,,,,,
EXCEL MFB,Micro-finance Banks,,,,,,,,,,,,,,,,,
EZEBO MFB,Micro-finance Banks,,,,,,,,,,,,,,,,,
FAIDA MFB LTD,Micro-finance Banks,,,,,,,,,,,,,,,,,
FAIRMONEY MFB LTD,Micro-finance Banks,,,,,,,,,,,,,,,,,
FAME MFB,Micro-finance Banks,,,,,,,,,,,,,,,,,
FAST MFB,Micro-finance Banks,,,,,,,,,,,,,,,,,
FCMB MFB LTD.,Micro-finance Banks,,,,,,,,,,,,,,,,,
FECETU MFB,Micro-finance Banks,,,,,,,,,,,,,,,,,
"FEDERAL POLYTECHNIC, NEKEDE MFB LTD",Micro-finance Banks,,,,,,,,,,,,,,,,,
FEDETH CO-OP MFB,Micro-finance Banks,,,,,,,,,,,,,,,,,
FEDPOLY NASARAWA MFB,Micro-finance Banks,,,,,,,,,,,,,,,,,
FFS MFB,Micro-finance Banks,,,,,,,,,,,,,,,,,
FIDFUND MFB,Micro-finance Banks,,,,,,,,,,,,,,,,,
FIMS MFB,Micro-finance Banks,,,,,,,,,,,,,,,,,
FINATRUST MFB,Micro-finance Banks,,,,,,,,,,,,,,,,,
FINCA MFB,Micro-finance Banks,,,,,,,,,,,,,,,,,
FINEX MFB,Micro-finance Banks,,,,,,,,,,,,,,,,,
FIRMUS MFB,Micro-finance Banks,,,,,,,,,,,,,,,,,
FIRST ACCESS MFB LTD,Micro-finance Banks,,,,,,,,,,,,,,,,,
FIRST HERITAGE MFB,Micro-finance Banks,,,,,,,,,,,,,,,,,
FIRST LOW-LAND MFB,Micro-finance Banks,,,,,,,,,,,,,,,,,
FIRST MUTUAL MFB,Micro-finance Banks,,,,,,,,,,,,,,,,,
FIRST OPTION MFB,Micro-finance Banks,,,,,,,,,,,,,,,,,
FIRST ROYAL MFB,Micro-finance Banks,,,,,,,,,,,,,,,,,
Flexi Microfinance Bank,Micro-finance Banks,Flexi Microfinance Bank,MicroFinance Bank,TIER 1 UNIT,-,01/01/1900,"No 63 Adekunle Fajuyi Way, GRA Ikeja, Lagos State",Ikeja,LAGOS,+2348033773732,-,-,-,-,NGN,Domestic,-,09/23/2024
FLOURISH MFB,Micro-finance Banks,,,,,,,,,,,,,,,,,
FORESIGHT MFB,Micro-finance Banks,,,,,,,,,,,,,,,,,
FORTRESS MFB,Micro-finance Banks,,,,,,,,,,,,,,,,,
FORWARD MFB,Micro-finance Banks,,,,,,,,,,,,,,,,,
FRONTLINE MFB,Micro-finance Banks,,,,,,,,,,,,,,,,,
FTA FUNTUA MFB,Micro-finance Banks,,,,,,,,,,,,,,,,,
FUD MFB,Micro-finance Banks,,,,,,,,,,,,,,,,,
Fullrange Microfinance Bank Ltd,Micro-finance Banks,,,,,,,,,,,,,,,,,
FUT MINNA,Micro-finance Banks,,,,,,,,,,,,,,,,,
FUTO MFB,Micro-finance Banks,,,,,,,,,,,,,,,,,
GAA AKANBI MFB,Micro-finance Banks,,,,,,,,,,,,,,,,,
GABASAWA MFB,Micro-finance Banks,,,,,,,,,,,,,,,,,
GAMAWA MFB,Micro-finance Banks,,,,,,,,,,,,,,,,,
GAREWA MFB,Micro-finance Banks,,,,,,,,,,,,,,,,,
GARKI MFB,Micro-finance Banks,,,,,,,,,,,,,,,,,
GARU MALLAM MFB,Micro-finance Banks,,,,,,,,,,,,,,,,,
GASHUA MFB,Micro-finance Banks,,,,,,,,,,,,,,,,,
GAYA MFB,Micro-finance Banks,,,,,,,,,,,,,,,,,
GBEDE MFB,Micro-finance Banks,,,,,,,,,,,,,,,,,
GEZAWA MFB,Micro-finance Banks,,,,,,,,,,,,,,,,,
GIANT STRIDE MFB LTD,Micro-finance Banks,,,,,,,,,,,,,,,,,
Gidauniya Alheri MFB,Micro-finance Banks,,,,,,,,,,,,,,,,,
GIGINYA MFB,Micro-finance Banks,,,,,,,,,,,,,,,,,
GIREI MFB,Micro-finance Banks,,,,,,,,,,,,,,,,,
GIWA MFB,Micro-finance Banks,,,,,,,,,,,,,,,,,
GLOBAL INITIATIVE MFB,Micro-finance Banks,,,,,,,,,,,,,,,,,
GLORY MFB,Micro-finance Banks,,,,,,,,,,,,,,,,,
GMB MFB,Micro-finance Banks,,,,,,,,,,,,,,,,,
GOBARAU MFB,Micro-finance Banks,,,,,,,,,,,,,,,,,
GOLD MFB,Micro-finance Banks,,,,,,,,,,,,,,,,,
GOLDEN CHOICE MFB,Micro-finance Banks,,,,,,,,,,,,,,,,,
GOLDMAN MFB,Micro-finance Banks,,,,,,,,,,,,,,,,,
GOMBE MFB,Micro-finance Banks,,,,,,,,,,,,,,,,,
GOOD NEIGHBOURS MFB,Micro-finance Banks,,,,,,,,,,,,,,,,,
GOOD NEWS MFB,Micro-finance Banks,,,,,,,,,,,,,,,,,
GOOD SHEPHERD MFB,Micro-finance Banks,,,,,,,,,,,,,,,,,
GOWANS MFB,Micro-finance Banks,,,,,,,,,,,,,,,,,
GRANTS MFB,Micro-finance Banks,,,,,,,,,,,,,,,,,
GREEN ACRES MFB,Micro-finance Banks,,,,,,,,,,,,,,,,,
GREEN ENERGY MFB,Micro-finance Banks,,,,,,,,,,,,,,,,,
GREEN-BANK MFB,Micro-finance Banks,,,,,,,,,,,,,,,,,
GREENVILLE MFB,Micro-finance Banks,,,,,,,,,,,,,,,,,
GROOMING MFB,Micro-finance Banks,,,,,,,,,,,,,,,,,
GTI MFB,Micro-finance Banks,,,,,,,,,,,,,,,,,
GUDUSISA MFB,Micro-finance Banks,,,,,,,,,,,,,,,,,
GULFARE MFB,Micro-finance Banks,,,,,,,,,,,,,,,,,
GWONG MFB,Micro-finance Banks,,,,,,,,,,,,,,,,,
HADEIJA MFB,Micro-finance Banks,,,,,,,,,,,,,,,,,
HALAL CREDIT MFB,Micro-finance Banks,,,,,,,,,,,,,,,,,
HALLOWED MFB,Micro-finance Banks,,,,,,,,,,,,,,,,,
HAMADA MFB,Micro-finance Banks,,,,,,,,,,,,,,,,,
HAMDA MFB,Micro-finance Banks,,,,,,,,,,,,,,,,,
HASAL MFB,Micro-finance Banks,,,,,,,,,,,,,,,,,
HEADWAY MFB LTD,Micro-finance Banks,,,,,,,,,,,,,,,,,
HIGHLAND MFB,Micro-finance Banks,,,,,,,,,,,,,,,,,
HINACHE MFB,Micro-finance Banks,,,,,,,,,,,,,,,,,
HONEY MFB,Micro-finance Banks,,,,,,,,,,,,,,,,,
HOPE ALIVE MFB,Micro-finance Banks,,,,,,,,,,,,,,,,,
I-Care Microfinance Bank Ltd,Micro-finance Banks,,,,,,,,,,,,,,,,,
IBETO MFB,Micro-finance Banks,,,,,,,,,,,,,,,,,
IBILE MFB,Micro-finance Banks,,,,,,,,,,,,,,,,,
IBOLO MFB,Micro-finance Banks,,,,,,,,,,,,,,,,,
IBOM FADAMA MFB,Micro-finance Banks,,,,,,,,,,,,,,,,,
IBRAHIM BADAMASI BABANGIDA UNIVERSITY  MFB,Micro-finance Banks,,,,,,,,,,,,,,,,,
IBU-AJE MFB,Micro-finance Banks,,,,,,,,,,,,,,,,,
ICHI MFB,Micro-finance Banks,,,,,,,,,,,,,,,,,
IDEATO MFB,Micro-finance Banks,,,,,,,,,,,,,,,,,
IDEMILI MFB,Micro-finance Banks,,,,,,,,,,,,,,,,,
IFEDAPO MFB,Micro-finance Banks,,,,,,,,,,,,,,,,,
IFELODUN MFB,Micro-finance Banks,,,,,,,,,,,,,,,,,
IGBO-UKWU MFB,Micro-finance Banks,,,,,,,,,,,,,,,,,
IGBOORA MFB,Micro-finance Banks,,,,,,,,,,,,,,,,,
IHIALA MFB,Micro-finance Banks,,,,,,,,,,,,,,,,,
IJARE MFB,Micro-finance Banks,,,,,,,,,,,,,,,,,
IJEBU IFE MFB,Micro-finance Banks,,,,,,,,,,,,,,,,,
IKENNE MFB,Micro-finance Banks,,,,,,,,,,,,,,,,,
IKIRE MFB,Micro-finance Banks,,,,,,,,,,,,,,,,,
IKORODU DIVISION MFB,Micro-finance Banks,,,,,,,,,,,,,,,,,
IKOYI-ILE MFB,Micro-finance Banks,,,,,,,,,,,,,,,,,
IKOYI-OSUN MFB,Micro-finance Banks,,,,,,,,,,,,,,,,,
ILARO POLYTECHNIC MFB,Micro-finance Banks,,,,,,,,,,,,,,,,,
ILE-OLUJI MFB,Micro-finance Banks,,,,,,,,,,,,,,,,,
ILISAN MFB,Micro-finance Banks,,,,,,,,,,,,,,,,,
ILOBU MFB,Micro-finance Banks,,,,,,,,,,,,,,,,,
ILOFFA MFB,Micro-finance Banks,,,,,,,,,,,,,,,,,
ILORA MFB,Micro-finance Banks,,,,,,,,,,,,,,,,,
ILORIN MFB,Micro-finance Banks,,,,,,,,,,,,,,,,,
ILUDUN ORO MFB,Micro-finance Banks,,,,,,,,,,,,,,,,,
ILUTUNTUN-OSORO MFB,Micro-finance Banks,,,,,,,,,,,,,,,,,
IMO STATE MICROFINANCE BANK,Micro-finance Banks,,,,,,,,,,,,,,,,,
IMODI-IMOSAN MFB,Micro-finance Banks,,,,,,,,,,,,,,,,,
IMOPOLY MFB,Micro-finance Banks,,,,,,,,,,,,,,,,,
IMOWO MFB,Micro-finance Banks,,,,,,,,,,,,,,,,,
IMSU MFB,Micro-finance Banks,,,,,,,,,,,,,,,,,
IMT MFB,Micro-finance Banks,,,,,,,,,,,,,,,,,
INFINITY MFB,Micro-finance Banks,,,,,,,,,,,,,,,,,
INSIGHT MFB,Micro-finance Banks,,,,,,,,,,,,,,,,,
IPAPO MFB,Micro-finance Banks,,,,,,,,,,,,,,,,,
IPERU MFB,Micro-finance Banks,,,,,,,,,,,,,,,,,
IRL MFB,Micro-finance Banks,,,,,,,,,,,,,,,,,
ISALE OYO MFB,Micro-finance Banks,,,,,,,,,,,,,,,,,
ISHIAGU MFB,Micro-finance Banks,,,,,,,,,,,,,,,,,
ISHIE MFB,Micro-finance Banks,,,,,,,,,,,,,,,,,
ISI-UZO MFB,Micro-finance Banks,,,,,,,,,,,,,,,,,
ISLAND MFB,Micro-finance Banks,,,,,,,,,,,,,,,,,
ISUA MFB,Micro-finance Banks,,,,,,,,,,,,,,,,,
ISUOFIA MFB,Micro-finance Banks,,,,,,,,,,,,,,,,,
IWA MFB,Micro-finance Banks,,,,,,,,,,,,,,,,,
IWADE MFB,Micro-finance Banks,,,,,,,,,,,,,,,,,
IWOYE-IJESA MFB,Micro-finance Banks,,,,,,,,,,,,,,,,,
IYA-ZAKARI (MASHI) MFB,Micro-finance Banks,,,,,,,,,,,,,,,,,
IYAMOYE MFB,Micro-finance Banks,,,,,,,,,,,,,,,,,
IYERU OKIN MFB,Micro-finance Banks,,,,,,,,,,,,,,,,,
IYIN EKITI MFB,Micro-finance Banks,,,,,,,,,,,,,,,,,
IZON MFB LTD,Micro-finance Banks,,,,,,,,,,,,,,,,,
JANMAA MFB,Micro-finance Banks,,,,,,,,,,,,,,,,,
JANZAMA MFB,Micro-finance Banks,,,,,,,,,,,,,,,,,
JEN MFB,Micro-finance Banks,,,,,,,,,,,,,,,,,
JESSEFIELD MFB,Micro-finance Banks,,,,,,,,,,,,,,,,,
JEWEL COOP MFB,Micro-finance Banks,,,,,,,,,,,,,,,,,
KABO MFB,Micro-finance Banks,,,,,,,,,,,,,,,,,
KADPOLY MFB,Micro-finance Banks,,,,,,,,,,,,,,,,,
KADUPE MFB,Micro-finance Banks,,,,,,,,,,,,,,,,,
KAMBA MFB,Micro-finance Banks,,,,,,,,,,,,,,,,,
KANKARA MFB,Micro-finance Banks,,,,,,,,,,,,,,,,,
KANKIA MFB LTD,Micro-finance Banks,,,,,,,,,,,,,,,,,
KANO POLY MFB,Micro-finance Banks,,,,,,,,,,,,,,,,,
KANO-WEST MFB,Micro-finance Banks,,,,,,,,,,,,,,,,,
KATAGUM MFB,Micro-finance Banks,,,,,,,,,,,,,,,,,
KAYVEE MFB,Micro-finance Banks,,,,,,,,,,,,,,,,,
KC MFB,Micro-finance Banks,,,,,,,,,,,,,,,,,
KCMB MFB,Micro-finance Banks,,,,,,,,,,,,,,,,,
KENECHUKWU MFB,Micro-finance Banks,,,,,,,,,,,,,,,,,
KHB MFB,Micro-finance Banks,,,,,,,,,,,,,,,,,
KINGDOM COLLEGE MFB LTD,Micro-finance Banks,,,,,,,,,,,,,,,,,
KISI MFB,Micro-finance Banks,,,,,,,,,,,,,,,,,
KKU Microfinance,Micro-finance Banks,,,,,,,,,,,,,,,,,
KMC MFB,Micro-finance Banks,,,,,,,,,,,,,,,,,
KONTAGORA MFB,Micro-finance Banks,,,,,,,,,,,,,,,,,
KOPO-KOPE MFB,Micro-finance Banks,,,,,,,,,,,,,,,,,
KREDI MONEY MFB (Formerly CONPRO MFB),Micro-finance Banks,,,,,,,,,,,,,,,,,
KUDA MFB,Micro-finance Banks,,,,,,,,,,,,,,,,,
KUMBOTSO MFB,Micro-finance Banks,,,,,,,,,,,,,,,,,
KUNAGABA MFB,Micro-finance Banks,,,,,,,,,,,,,,,,,
KUNCHI MFB,Micro-finance Banks,,,,,,,,,,,,,,,,,
KURA MFB,Micro-finance Banks,,,,,,,,,,,,,,,,,
KUSALLA MFB,Micro-finance Banks,,,,,,,,,,,,,,,,,
KWACOFOCUS MFB,Micro-finance Banks,,,,,,,,,,,,,,,,,
KWASU MFB,Micro-finance Banks,,,,,,,,,,,,,,,,,
KWATASHI MFB,Micro-finance Banks,,,,,,,,,,,,,,,,,
LA FAYETTE MFB,Micro-finance Banks,,,,,,,,,,,,,,,,,
Ladder Microfinance Bank,Micro-finance Banks,Ladder Microfinance Bank,MicroFinance Bank,TIER 2 UNIT,-,01/01/1900,"No 77 Ayangburen Road, Ikorodu, Lagos State",Ikorodu,LAGOS,+2349134283968,-,-,-,-,NGN,Domestic,-,10/15/2024
LANDGOLD MFB,Micro-finance Banks,,,,,,,,,,,,,,,,,
LAPO MFB,Micro-finance Banks,,,,,,,,,,,,,,,,,
LAVENDER,Micro-finance Banks,,,,,,,,,,,,,,,,,
LAWYERS MFB,Micro-finance Banks,,,,,,,,,,,,,,,,,
LAYELU MFB,Micro-finance Banks,,,,,,,,,,,,,,,,,
LEADCITY MFB,Micro-finance Banks,,,,,,,,,,,,,,,,,
LEGACY MFB,Micro-finance Banks,,,,,,,,,,,,,,,,,
LEGEND MFB,Micro-finance Banks,,,,,,,,,,,,,,,,,
LETSHEGO MFB,Micro-finance Banks,,,,,,,,,,,,,,,,,
LEVITE MFB,Micro-finance Banks,,,,,,,,,,,,,,,,,
LIFEGATE MFB,Micro-finance Banks,,,,,,,,,,,,,,,,,
LIGHT MFB,Micro-finance Banks,,,,,,,,,,,,,,,,,
LINKS MFB,Micro-finance Banks,,,,,,,,,,,,,,,,,
LIVING SPRING MFB,Micro-finance Banks,,,,,,,,,,,,,,,,,
LOBREM MFB,Micro-finance Banks,,,,,,,,,,,,,,,,,
LOVONUS MFB,Micro-finance Banks,,,,,,,,,,,,,,,,,
M & M MFB,Micro-finance Banks,,,,,,,,,,,,,,,,,
MAB ALLIANZ MFB LTD,Micro-finance Banks,,,,,,,,,,,,,,,,,
MACROD MFB,Micro-finance Banks,,,,,,,,,,,,,,,,,
MADELYN MFB,Micro-finance Banks,,,,,,,,,,,,,,,,,
MADOBI MFB,Micro-finance Banks,,,,,,,,,,,,,,,,,
MAGAJIN-GIRI MFB,Micro-finance Banks,,,,,,,,,,,,,,,,,
MAGNET MFB,Micro-finance Banks,,,,,,,,,,,,,,,,,
MAIGATARI MFB,Micro-finance Banks,,,,,,,,,,,,,,,,,
MAIN TRUST MFB,Micro-finance Banks,,,,,,,,,,,,,,,,,
MAINLAND MFB,Micro-finance Banks,,,,,,,,,,,,,,,,,
MAINSTREET MFB,Micro-finance Banks,,,,,,,,,,,,,,,,,
MALACHY MFB,Micro-finance Banks,,,,,,,,,,,,,,,,,
MAPOLY MFB,Micro-finance Banks,,,,,,,,,,,,,,,,,
MARITIME MFB,Micro-finance Banks,,,,,,,,,,,,,,,,,
MATAZU MFB LTD,Micro-finance Banks,,,,,,,,,,,,,,,,,
MAXITRUST MFB,Micro-finance Banks,,,,,,,,,,,,,,,,,
MBAITOLI MFB,Micro-finance Banks,,,,,,,,,,,,,,,,,
MBAWULU MFB,Micro-finance Banks,,,,,,,,,,,,,,,,,
MEGA MFB,Micro-finance Banks,,,,,,,,,,,,,,,,,
MEGAPRAISE MFB,Micro-finance Banks,,,,,,,,,,,,,,,,,
MEMENTO MFB LTD,Micro-finance Banks,,,,,,,,,,,,,,,,,
MEMPHIS MICROFINANCE BANK LIMITED,Micro-finance Banks,,,,,,,,,,,,,,,,,
MERCHANT MFB,Micro-finance Banks,,,,,,,,,,,,,,,,,
MERIDIAN MFB,Micro-finance Banks,,,,,,,,,,,,,,,,,
MGBIDI MFB,Micro-finance Banks,,,,,,,,,,,,,,,,,
MICHEAL OKPARA UNIVERSITY MFB,Micro-finance Banks,,,,,,,,,,,,,,,,,
MICROVIS MFB,Micro-finance Banks,,,,,,,,,,,,,,,,,
MIDLAND MFB,Micro-finance Banks,,,,,,,,,,,,,,,,,
MINJI-SE CHURCHILL MFB,Micro-finance Banks,,,,,,,,,,,,,,,,,
MINJIBIR MFB,Micro-finance Banks,,,,,,,,,,,,,,,,,
MKOBO MFB LTD,Micro-finance Banks,,,,,,,,,,,,,,,,,
MODEL MFB,Micro-finance Banks,,,,,,,,,,,,,,,,,
MODIYA YEKOKPE MFB,Micro-finance Banks,,,,,,,,,,,,,,,,,
MOLUSI MFB,Micro-finance Banks,,,,,,,,,,,,,,,,,
MONARCH MFB,Micro-finance Banks,,,,,,,,,,,,,,,,,
MONEYTRONICS MFB (Formerly Ipodo-Ikeja MFB),Micro-finance Banks,,,,,,,,,,,,,,,,,
Moneytrust MFB,Micro-finance Banks,,,,,,,,,,,,,,,,,
MOYOFADE MFB,Micro-finance Banks,,,,,,,,,,,,,,,,,
MOZFIN MFB,Micro-finance Banks,,,,,,,,,,,,,,,,,
MULTIVEST MFB,Micro-finance Banks,,,,,,,,,,,,,,,,,
MUTUAL BENEFIT MFB,Micro-finance Banks,,,,,,,,,,,,,,,,,
MUTUAL TRUST MFB,Micro-finance Banks,,,,,,,,,,,,,,,,,
MWAGHAVUL MFB,Micro-finance Banks,,,,,,,,,,,,,,,,,
NAGARTA MFB,Micro-finance Banks,,,,,,,,,,,,,,,,,
NAISA MFB,Micro-finance Banks,,,,,,,,,,,,,,,,,
NAKOWA MFB,Micro-finance Banks,,,,,,,,,,,,,,,,,
NAMODA MFB,Micro-finance Banks,,,,,,,,,,,,,,,,,
NASARAWA MFB,Micro-finance Banks,,,,,,,,,,,,,,,,,
NDIOLU MFB,Micro-finance Banks,,,,,,,,,,,,,,,,,
NDIORAH MFB,Micro-finance Banks,,,,,,,,,,,,,,,,,
NENZIT MFB,Micro-finance Banks,,,,,,,,,,,,,,,,,
NEPTUNE MFB,Micro-finance Banks,,,,,,,,,,,,,,,,,
NEW DAWN MFB,Micro-finance Banks,,,,,,,,,,,,,,,,,
NEW ERA MFB,Micro-finance Banks,,,,,,,,,,,,,,,,,
NEW GOLDEN PASTURES MFB,Micro-finance Banks,,,,,,,,,,,,,,,,,
NEW WOMEN'S MFB,Micro-finance Banks,,,,,,,,,,,,,,,,,
NGBO MFB LTD,Micro-finance Banks,,,,,,,,,,,,,,,,,
NICE MFB,Micro-finance Banks,,,,,,,,,,,,,,,,,
NIGERIAN NAVY MFB LTD,Micro-finance Banks,,,,,,,,,,,,,,,,,
NIGERIAN PRISONS MFB,Micro-finance Banks,,,,,,,,,,,,,,,,,
NINGI MFB,Micro-finance Banks,,,,,,,,,,,,,,,,,
NIRSAL MFB,Micro-finance Banks,,,,,,,,,,,,,,,,,
NKPA MFB,Micro-finance Banks,,,,,,,,,,,,,,,,,
NKPOLOGWU MFB,Micro-finance Banks,,,,,,,,,,,,,,,,,
NKPOLU-UST MFB,Micro-finance Banks,,,,,,,,,,,,,,,,,
NNOKWA MFB,Micro-finance Banks,,,,,,,,,,,,,,,,,
NOBLE MFB,Micro-finance Banks,,,,,,,,,,,,,,,,,
NOMASE MICROFINANCE BANK LTD,Micro-finance Banks,,,,,,,,,,,,,,,,,
NOUN MFB,Micro-finance Banks,,,,,,,,,,,,,,,,,
NOVEL MFB,Micro-finance Banks,,,,,,,,,,,,,,,,,
NPF MFB,Micro-finance Banks,,,,,,,,,,,,,,,,,
NRI MFB,Micro-finance Banks,,,,,,,,,,,,,,,,,
NSU MFB,Micro-finance Banks,,,,,,,,,,,,,,,,,
NSUK MFB,Micro-finance Banks,,,,,,,,,,,,,,,,,
NSUKKA TOWNSHIP MFB,Micro-finance Banks,,,,,,,,,,,,,,,,,
NUGGETS MFB,Micro-finance Banks,NUGGETS MFB,MicroFinance Bank,TIER 2 UNIT,-,01/01/1900,"NO.15, SULAIMON SHODERU STREET, POWER LINE ROAD, IKORODU, LAGOS",IKORODU LAGOS,LAG,08025017757,-,-,-,"NO.15, SULAIMON SHODERU STREET, POWER LINE ROAD, IKORODU, LAGOS",NGN,Domestic,-,14/07/2022
NUMO MFB,Micro-finance Banks,,,,,,,,,,,,,,,,,
NUN MFB,Micro-finance Banks,,,,,,,,,,,,,,,,,
NUT OKEBOLA MFB,Micro-finance Banks,,,,,,,,,,,,,,,,,
NWANNEGADI MFB,Micro-finance Banks,,,,,,,,,,,,,,,,,
OAKLAND MFB,Micro-finance Banks,,,,,,,,,,,,,,,,,
OBA MFB,Micro-finance Banks,,,,,,,,,,,,,,,,,
OBAFEMI AWOLOWO UNIVERSITY MFB,Micro-finance Banks,,,,,,,,,,,,,,,,,
OBELEDU MFB,Micro-finance Banks,,,,,,,,,,,,,,,,,
OBODOUKWU MFB,Micro-finance Banks,,,,,,,,,,,,,,,,,
OBOKUN MFB,Micro-finance Banks,,,,,,,,,,,,,,,,,
OBOLLO MFB,Micro-finance Banks,,,,,,,,,,,,,,,,,
OCHE MFB,Micro-finance Banks,,,,,,,,,,,,,,,,,
OCON SUCCESS MFB,Micro-finance Banks,,,,,,,,,,,,,,,,,
OCTOPUS MFB,Micro-finance Banks,,,,,,,,,,,,,,,,,
ODOAKPU MFB,Micro-finance Banks,,,,,,,,,,,,,,,,,
ODU MFB,Micro-finance Banks,,,,,,,,,,,,,,,,,
OGBERURU MFB,Micro-finance Banks,,,,,,,,,,,,,,,,,
OGBETE MFB,Micro-finance Banks,,,,,,,,,,,,,,,,,
OGBOEFERE MFB,Micro-finance Banks,,,,,,,,,,,,,,,,,
OGIGE MFB,Micro-finance Banks,,,,,,,,,,,,,,,,,
OGIYAN MFB,Micro-finance Banks,,,,,,,,,,,,,,,,,
OHAFIA MFB,Micro-finance Banks,,,,,,,,,,,,,,,,,
OHHA MFB,Micro-finance Banks,,,,,,,,,,,,,,,,,
OJOKORO MFB,Micro-finance Banks,,,,,,,,,,,,,,,,,
OKE- ARO OREDEGBE MFB,Micro-finance Banks,,,,,,,,,,,,,,,,,
OKEAGBE MFB,Micro-finance Banks,,,,,,,,,,,,,,,,,
OKENGWE MFB,Micro-finance Banks,,,,,,,,,,,,,,,,,
OKO MFB,Micro-finance Banks,,,,,,,,,,,,,,,,,
OKPE MFB,Micro-finance Banks,,,,,,,,,,,,,,,,,
OKPOFE MFB,Micro-finance Banks,,,,,,,,,,,,,,,,,
OKPOGA MFB,Micro-finance Banks,,,,,,,,,,,,,,,,,
OKUKU MFB,Micro-finance Banks,,,,,,,,,,,,,,,,,
OKUTA MFB,Micro-finance Banks,,,,,,,,,,,,,,,,,
OKWO-OHA MFB,Micro-finance Banks,,,,,,,,,,,,,,,,,
OLABISI ONABANJO UNIVERSITY MFB,Micro-finance Banks,,,,,,,,,,,,,,,,,
OLIVE MFB,Micro-finance Banks,,,,,,,,,,,,,,,,,
OLOWOLAGBA MFB,Micro-finance Banks,,,,,,,,,,,,,,,,,
OLU-BASIRI MFB,Micro-finance Banks,,,,,,,,,,,,,,,,,
OLUCHUKWU MFB,Micro-finance Banks,,,,,,,,,,,,,,,,,
OMAK MFB,Micro-finance Banks,,,,,,,,,,,,,,,,,
OMIYE MFB,Micro-finance Banks,,,,,,,,,,,,,,,,,
OMUMA MFB,Micro-finance Banks,,,,,,,,,,,,,,,,,
ONIBU-ORE MFB,Micro-finance Banks,,,,,,,,,,,,,,,,,
ORAUKWU MFB,Micro-finance Banks,,,,,,,,,,,,,,,,,
ORILONISE MFB,Micro-finance Banks,,,,,,,,,,,,,,,,,
ORISUN MFB,Micro-finance Banks,,,,,,,,,,,,,,,,,
ORITA BASORUN MFB,Micro-finance Banks,,,,,,,,,,,,,,,,,
OROKAM MFB,Micro-finance Banks,,,,,,,,,,,,,,,,,
ORSU MFB,Micro-finance Banks,,,,,,,,,,,,,,,,,
OSANTA MFB,Micro-finance Banks,,,,,,,,,,,,,,,,,
OSCT MFB,Micro-finance Banks,,,,,,,,,,,,,,,,,
OSI MFB,Micro-finance Banks,,,,,,,,,,,,,,,,,
OSOMHE MFB,Micro-finance Banks,,,,,,,,,,,,,,,,,
OSPOLY MFB,Micro-finance Banks,,,,,,,,,,,,,,,,,
OSUMENYI MFB,Micro-finance Banks,,,,,,,,,,,,,,,,,
OTUO MFB,Micro-finance Banks,,,,,,,,,,,,,,,,,
OURS MFB,Micro-finance Banks,,,,,,,,,,,,,,,,,
OWOTUTU MFB,Micro-finance Banks,,,,,,,,,,,,,,,,,
OYAN MFB,Micro-finance Banks,,,,,,,,,,,,,,,,,
PALMCOAST MFB,Micro-finance Banks,,,,,,,,,,,,,,,,,
PALMERA MFB,Micro-finance Banks,,,,,,,,,,,,,,,,,
PANA MFB,Micro-finance Banks,,,,,,,,,,,,,,,,,
PARKWAY MFB,Micro-finance Banks,,,,,,,,,,,,,,,,,
PATHFINDER MFB,Micro-finance Banks,,,,,,,,,,,,,,,,,
PATRICKGOLD MFB,Micro-finance Banks,,,,,,,,,,,,,,,,,
PEACE MFB,Micro-finance Banks,,,,,,,,,,,,,,,,,
PECAN TRUST MFB,Micro-finance Banks,,,,,,,,,,,,,,,,,
PENINSULA MFB LTD,Micro-finance Banks,,,,,,,,,,,,,,,,,
PENNYWISE MFB,Micro-finance Banks,,,,,,,,,,,,,,,,,
PENTECOST MFB LTD,Micro-finance Banks,,,,,,,,,,,,,,,,,
PERSONAL TRUST MFB,Micro-finance Banks,,,,,,,,,,,,,,,,,
PETRA MFB,Micro-finance Banks,,,,,,,,,,,,,,,,,
PHOENIX MFB,Micro-finance Banks,,,,,,,,,,,,,,,,,
PILLAR MFB,Micro-finance Banks,,,,,,,,,,,,,,,,,
Pointone Microfinance Bank,Micro-finance Banks,Pointone Microfinance Bank,MicroFinance Institutions,TIER 2 UNIT,-,01/01/1900,"No 23, Odozie Street, Ojodu Abiodun, Lagos State",Lagos,LAGOS,+2348038508326,-,-,-,-,NGN,Domestic,-,07/09/2024
POLYBADAN MFB,Micro-finance Banks,,,,,,,,,,,,,,,,,
POLYUNWANNA MFB,Micro-finance Banks,,,,,,,,,,,,,,,,,
PREEMINENT MFB,Micro-finance Banks,,,,,,,,,,,,,,,,,
PRESTIGE MFB,Micro-finance Banks,,,,,,,,,,,,,,,,,
PRISCO MFB,Micro-finance Banks,,,,,,,,,,,,,,,,,
PRISTINE DIVITIS MFB,Micro-finance Banks,,,,,,,,,,,,,,,,,
PROJECTS MFB,Micro-finance Banks,,,,,,,,,,,,,,,,,
PROSPECTS MFB,Micro-finance Banks,,,,,,,,,,,,,,,,,
PROSPERITY MFB,Micro-finance Banks,,,,,,,,,,,,,,,,,
PRUDENT MFB,Micro-finance Banks,PRUDENT MFB,MicroFinance Bank,TIER 2 UNIT,-,01/01/1900,"PLOT NO. MF-03A, SAUKA VILLAGE EXTENSION, KUJE ABUJA",KUJE ABUJA,ABU,08053363289,-,-,-,"PLOT NO. MF-03A, SAUKA VILLAGE EXTENSION, KUJE ABUJA",NGN,Domestic,-,28/11/2022
PYRAMID MFB,Micro-finance Banks,,,,,,,,,,,,,,,,,
QUBE MFB,Micro-finance Banks,,,,,,,,,,,,,,,,,
QUICKFUND MFB,Micro-finance Banks,,,,,,,,,,,,,,,,,
RAHAMA MFB,Micro-finance Banks,,,,,,,,,,,,,,,,,
RAKIB MFB,Micro-finance Banks,,,,,,,,,,,,,,,,,
RAMILOWO MFB,Micro-finance Banks,,,,,,,,,,,,,,,,,
RANDALPHA,Micro-finance Banks,,,,,,,,,,,,,,,,,
RANO MFB,Micro-finance Banks,,,,,,,,,,,,,,,,,
REFINED BENEFITS MFB,Micro-finance Banks,,,,,,,,,,,,,,,,,
REGENT MFB,Micro-finance Banks,,,,,,,,,,,,,,,,,
REHOBOTH MFB,Micro-finance Banks,,,,,,,,,,,,,,,,,
RELIANCE MFB,Micro-finance Banks,,,,,,,,,,,,,,,,,
RENMONEY MFB,Micro-finance Banks,,,,,,,,,,,,,,,,,
REPHIDIM MFB,Micro-finance Banks,,,,,,,,,,,,,,,,,
RIC MFB,Micro-finance Banks,,,,,,,,,,,,,,,,,
RICHWAY MFB LTD.,Micro-finance Banks,,,,,,,,,,,,,,,,,
RIGO MFB,Micro-finance Banks,,,,,,,,,,,,,,,,,
RIMA GROWTH PATHWAY MFB LTD,Micro-finance Banks,,,,,,,,,,,,,,,,,
RIMA MFB,Micro-finance Banks,,,,,,,,,,,,,,,,,
RIMIN GADO MFB,Micro-finance Banks,,,,,,,,,,,,,,,,,
RIVERSIDE MFB,Micro-finance Banks,,,,,,,,,,,,,,,,,
ROCKSHIELD MFB,Micro-finance Banks,,,,,,,,,,,,,,,,,
ROLEZ MFB,Micro-finance Banks,,,,,,,,,,,,,,,,,
ROYAL BLUE MFB,Micro-finance Banks,,,,,,,,,,,,,,,,,
ROYAL EXCHANGE MFB,Micro-finance Banks,,,,,,,,,,,,,,,,,
ROYAL LIFE KEY MFB,Micro-finance Banks,,,,,,,,,,,,,,,,,
ROYAL MFB,Micro-finance Banks,,,,,,,,,,,,,,,,,
RUBIES MFB,Micro-finance Banks,,,,,,,,,,,,,,,,,
SABI MFB,Micro-finance Banks,,,,,,,,,,,,,,,,,
SABON YELWA MFB,Micro-finance Banks,,,,,,,,,,,,,,,,,
SABUWA MFB LTD,Micro-finance Banks,,,,,,,,,,,,,,,,,
SAFANA MFB,Micro-finance Banks,,,,,,,,,,,,,,,,,
SAFE HAVEN MFB,Micro-finance Banks,,,,,,,,,,,,,,,,,
SAFEGATE MFB,Micro-finance Banks,,,,,,,,,,,,,,,,,
SAFELINE MFB,Micro-finance Banks,,,,,,,,,,,,,,,,,
SAGAMU MFB,Micro-finance Banks,,,,,,,,,,,,,,,,,
SANDAMU MFB,Micro-finance Banks,,,,,,,,,,,,,,,,,
SAPIDA MFB,Micro-finance Banks,,,,,,,,,,,,,,,,,
SARKIN KUDU MFB LTD,Micro-finance Banks,,,,,,,,,,,,,,,,,
SEAP MFB,Micro-finance Banks,,,,,,,,,,,,,,,,,
SEEDVEST MFB,Micro-finance Banks,,,,,,,,,,,,,,,,,
SENCHI MFB,Micro-finance Banks,,,,,,,,,,,,,,,,,
Shalom MFB,Micro-finance Banks,,,,,,,,,,,,,,,,,
SHANONO MFB,Micro-finance Banks,,,,,,,,,,,,,,,,,
SHEPHERD TRUST MFB,Micro-finance Banks,,,,,,,,,,,,,,,,,
SHIELD MFB,Micro-finance Banks,,,,,,,,,,,,,,,,,
SHONGOM MFB,Micro-finance Banks,,,,,,,,,,,,,,,,,
SINCERE MFB,Micro-finance Banks,,,,,,,,,,,,,,,,,
SLS MFB,Micro-finance Banks,,,,,,,,,,,,,,,,,
SMARTMICRO MFB,Micro-finance Banks,,,,,,,,,,,,,,,,,
SNOW MFB,Micro-finance Banks,,,,,,,,,,,,,,,,,
SOLID ALLIANZ MFB,Micro-finance Banks,,,,,,,,,,,,,,,,,
SOLID ROCK MFB,Micro-finance Banks,,,,,,,,,,,,,,,,,
Solid Trust MFB,Micro-finance Banks,,,,,,,,,,,,,,,,,
SOROMAN MFB,Micro-finance Banks,,,,,,,,,,,,,,,,,
SOURCE MICROFINANCE BANK LIMITED,Micro-finance Banks,SOURCE MICROFINANCE BANK LIMITED,MicroFinance Bank,TIER 1 UNIT,-,01/01/1900,"169 Ipaja Road, Agege, Lagos",Agege,LAGOS,09060804244,-,-,-,-,NGN,Domestic,-,03/23/2023
SPARKLE MFB,Micro-finance Banks,,,,,,,,,,,,,,,,,
SPECTRUM MFB,Micro-finance Banks,,,,,,,,,,,,,,,,,
STANDARD MFB,Micro-finance Banks,,,,,,,,,,,,,,,,,
STANFORD MFB,Micro-finance Banks,,,,,,,,,,,,,,,,,
STATESIDE MFB,Micro-finance Banks,,,,,,,,,,,,,,,,,
STELLAS MFB,Micro-finance Banks,,,,,,,,,,,,,,,,,
STEP BY STEP MFB,Micro-finance Banks,,,,,,,,,,,,,,,,,
STILLWATERS MFB LTD,Micro-finance Banks,,,,,,,,,,,,,,,,,
STOCKCORP MFB,Micro-finance Banks,,,,,,,,,,,,,,,,,
SULSPAP MFB,Micro-finance Banks,,,,,,,,,,,,,,,,,
SUMAILA MFB,Micro-finance Banks,,,,,,,,,,,,,,,,,
SUNBEAM MFB,Micro-finance Banks,,,,,,,,,,,,,,,,,
Suntop Microfinance Bank,Micro-finance Banks,Suntop Microfinance Bank,MicroFinance Bank,TIER 1 UNIT,Azabe Zinariya MFB,01/02/2008,"PHASE 2, ULTRA MODERN MARKET, WESTERN RESERVOIR ROAD, ILORIN KWARA STATE",Ilorin,KWA,-,-,-,-,"PHASE 2, ULTRA MODERN MARKET, WESTERN RESERVOIR ROAD, ILORIN KWARA STATE",NGN,Domestic,-,2/1/2008
SUPPORT MFB,Micro-finance Banks,,,,,,,,,,,,,,,,,
SUPREME MFB,Micro-finance Banks,,,,,,,,,,,,,,,,,
SURE ANCHOR MFB,Micro-finance Banks,,,,,,,,,,,,,,,,,
TANADI MFB,Micro-finance Banks,,,,,,,,,,,,,,,,,
TANGALE MFB,Micro-finance Banks,,,,,,,,,,,,,,,,,
Tangerine Money Microfinance Bank,Micro-finance Banks,,,,,,,,,,,,,,,,,
TASUED MFB,Micro-finance Banks,,,,,,,,,,,,,,,,,
TCF MFB,Micro-finance Banks,,,,,,,,,,,,,,,,,
TF MFB,Micro-finance Banks,,,,,,,,,,,,,,,,,
The Millennium MFB,Micro-finance Banks,,,,,,,,,,,,,,,,,
TOFA MFB,Micro-finance Banks,,,,,,,,,,,,,,,,,
TOP RATE MFB,Micro-finance Banks,,,,,,,,,,,,,,,,,
TOPCLASS MFB,Micro-finance Banks,,,,,,,,,,,,,,,,,
TOTAL TRUST MFB,Micro-finance Banks,,,,,,,,,,,,,,,,,
TOUCHGOLD MFB,Micro-finance Banks,,,,,,,,,,,,,,,,,
TOWNSERVE MFB,Micro-finance Banks,,,,,,,,,,,,,,,,,
TREASURES MFB,Micro-finance Banks,,,,,,,,,,,,,,,,,
TRIDENT MFB,Micro-finance Banks,,,,,,,,,,,,,,,,,
TRIPPLE A MFB,Micro-finance Banks,,,,,,,,,,,,,,,,,
TRIUMPHANT MICROFINANCE BANK LIMITED,Micro-finance Banks,TRIUMPHANT MICROFINANCE BANK LIMITED,MicroFinance Bank,TIER 2 UNIT,-,01/01/1900,"Suit A8-A10 Bethany Plaza Odenigbo Road, Nsukka, Enugu State",Enugu,ENUGU,07048748297,-,-,-,-,NGN,Domestic,-,05/28/2024
TRUST MFB,Micro-finance Banks,,,,,,,,,,,,,,,,,
TRUSTBANC J6,Micro-finance Banks,,,,,,,,,,,,,,,,,
TRUSTFUND MFB,Micro-finance Banks,,,,,,,,,,,,,,,,,
TSANYAWA MFB,Micro-finance Banks,,,,,,,,,,,,,,,,,
TUDUNWADA MFB LTD,Micro-finance Banks,,,,,,,,,,,,,,,,,
U & C MFB,Micro-finance Banks,,,,,,,,,,,,,,,,,
UCB MFB,Micro-finance Banks,,,,,,,,,,,,,,,,,
UDA MFB,Micro-finance Banks,,,,,,,,,,,,,,,,,
UDOKA MFB,Micro-finance Banks,,,,,,,,,,,,,,,,,
UGA MFB,Micro-finance Banks,,,,,,,,,,,,,,,,,
UGBORIMILI MFB,Micro-finance Banks,,,,,,,,,,,,,,,,,
UHURU MFB,Micro-finance Banks,,,,,,,,,,,,,,,,,
UKPOR MFB,Micro-finance Banks,,,,,,,,,,,,,,,,,
UKWALA MFB,Micro-finance Banks,,,,,,,,,,,,,,,,,
ULTIMATE MFB,Micro-finance Banks,,,,,,,,,,,,,,,,,
UMMAH MFB,Micro-finance Banks,,,,,,,,,,,,,,,,,
UMUAWULU MFB,Micro-finance Banks,,,,,,,,,,,,,,,,,
UMUCHINEMERE PROCREDIT MFB,Micro-finance Banks,,,,,,,,,,,,,,,,,
UMUCHUKWU MFB,Micro-finance Banks,,,,,,,,,,,,,,,,,
UMUNNACHI MFB,Micro-finance Banks,,,,,,,,,,,,,,,,,
UMUOJI MFB,Micro-finance Banks,,,,,,,,,,,,,,,,,
UMYU Microfinance Bank Limited,Micro-finance Banks,,,,,,,,,,,,,,,,,
UNAAB MFB,Micro-finance Banks,,,,,,,,,,,,,,,,,
UNGOGO MFB,Micro-finance Banks,,,,,,,,,,,,,,,,,
UNIBADAN MFB,Micro-finance Banks,,,,,,,,,,,,,,,,,
UNICAL MFB,Micro-finance Banks,,,,,,,,,,,,,,,,,
UNIFUND MFB,Micro-finance Banks,,,,,,,,,,,,,,,,,
UNILAG MFB LTD,Micro-finance Banks,,,,,,,,,,,,,,,,,
UNILORIN MFB,Micro-finance Banks,,,,,,,,,,,,,,,,,
UNIMAID MFB,Micro-finance Banks,,,,,,,,,,,,,,,,,
UNITED CAPITAL MFB,Micro-finance Banks,UNITED CAPITAL MFB,MicroFinance Bank,TIER 1 UNIT,-,01/01/1900,"3rd & 4th FLOORS AFRILAND TOWERS, 97/105 BROAD STREET, LAGOS",LAGOS,LAG,07000468378,-,-,-,"3rd & 4th FLOORS AFRILAND TOWERS, 97/105 BROAD STREET, LAGOS",NGN,Domestic,-,04/07/2022
UNIUYO MFB,Micro-finance Banks,,,,,,,,,,,,,,,,,
UNIVERSITY OF BENIN MFB,Micro-finance Banks,,,,,,,,,,,,,,,,,
UNN MFB,Micro-finance Banks,,,,,,,,,,,,,,,,,
UNUBI MFB,Micro-finance Banks,,,,,,,,,,,,,,,,,
URBAN MFB,Micro-finance Banks,,,,,,,,,,,,,,,,,
URE MFB,Micro-finance Banks,,,,,,,,,,,,,,,,,
UTAKO MFB,Micro-finance Banks,,,,,,,,,,,,,,,,,
UTUH MFB,Micro-finance Banks,,,,,,,,,,,,,,,,,
UVUOMA MFB,Micro-finance Banks,,,,,,,,,,,,,,,,,
UVURU MFB,Micro-finance Banks,,,,,,,,,,,,,,,,,
UZONDU MFB,Micro-finance Banks,,,,,,,,,,,,,,,,,
VCL MFB,Micro-finance Banks,,,,,,,,,,,,,,,,,
VFD MFB LTD,Micro-finance Banks,,,,,,,,,,,,,,,,,
VICTORY MFB,Micro-finance Banks,,,,,,,,,,,,,,,,,
VISA MFB,Micro-finance Banks,,,,,,,,,,,,,,,,,
VISCOUNT MFB,Micro-finance Banks,,,,,,,,,,,,,,,,,
WAILA MFB,Micro-finance Banks,,,,,,,,,,,,,,,,,
Wallet Microfinance Bank,Micro-finance Banks,Wallet Microfinance Bank,MicroFinance Bank,TIER 2 UNIT,-,01/01/1900,"Suite 312-314C Royal Plaza, Opposite Mararaba Building Materials Market, Mararaba Karu LGA, Nasarawa State.",Karu,NASARAWA,07061420023,-,-,-,-,NGN,Domestic,-,11/25/2024
WAYA MFB,Micro-finance Banks,WAYA MFB,MicroFinance Bank,TIER 2 UNIT,-,01/01/1900,"PLOT 7, KANO CRESCENT, AGBARA ADA-ODO, OTA LGA, OGUN STATE",OGUN STATE,OGU,09063059889,-,-,-,"PLOT 7, KANO CRESCENT, AGBARA ADA-ODO, OTA LGA, OGUN STATE",NGN,Domestic,-,20/10/2022
WELFARE MFB,Micro-finance Banks,,,,,,,,,,,,,,,,,
WETLAND MFB,Micro-finance Banks,,,,,,,,,,,,,,,,,
WOLIWO MFB,Micro-finance Banks,,,,,,,,,,,,,,,,,
WOMEN DEVELOPMENT MFB,Micro-finance Banks,,,,,,,,,,,,,,,,,
WRA MFB,Micro-finance Banks,,,,,,,,,,,,,,,,,
WUDIL MFB,Micro-finance Banks,,,,,,,,,,,,,,,,,
XSLNCE MFB,Micro-finance Banks,,,,,,,,,,,,,,,,,
YABO MFB,Micro-finance Banks,,,,,,,,,,,,,,,,,
Yankari MFB,Micro-finance Banks,,,,,,,,,,,,,,,,,
YAURI EMIRATES MFB,Micro-finance Banks,,,,,,,,,,,,,,,,,
YCT Microfinance Bank,Micro-finance Banks,,,,,,,,,,,,,,,,,
YENENG MFB,Micro-finance Banks,,,,,,,,,,,,,,,,,
YES MFB,Micro-finance Banks,,,,,,,,,,,,,,,,,
YOBE STATE MFB,Micro-finance Banks,,,,,,,,,,,,,,,,,
ZAFEC MFB LTD,Micro-finance Banks,,,,,,,,,,,,,,,,,
ZAZZAU MFB,Micro-finance Banks,,,,,,,,,,,,,,,,,
ZEFA MFB,Micro-finance Banks,,,,,,,,,,,,,,,,,
ZIKORA MFB,Micro-finance Banks,,,,,,,,,,,,,,,,,
ZION MFB,Micro-finance Banks,,,,,,,,,,,,,,,,,
ZURMI MFB,Micro-finance Banks,,,,,,,,,,,,,,,,,
ZURU MFB,Micro-finance Banks,,,,,,,,,,,,,,,,,
Alternative Bank Limited,Non-Interest Banks,Alternative Bank Limited,Non-Interest Bank,National,-,01/01/1900,"No 239, Ikorodu Road, Obanikoro, Ilupeju, Mushin LGA Lagos.",Mushin,LAGOS,+23417000555,https://altbank.ng,help@altbank.ng,-,"o 239, Ikorodu Road, Obanikoro, Ilupeju, Mushin LGA Lagos.",NGN,Domestic,-,06/26/2023
JAIZ BANK PLC,Non-Interest Banks,,,,,,,,,,,,,,,,,
LOTUS BANK LTD,Non-Interest Banks,,,,,,,,,,,,,,,,,
Summit Bank Limited,Non-Interest Banks,Summit Bank Limited,Non-Interest Bank,Regional,-,06/02/2025,"No. 5 Amal Pepple Street Off Ameyo Adadevoh Way, Jahi Abuja.",Abuja,ABUJA,+234 (0) 700 700 0005,www.summitbankng.com,info@summitbankng.com,-,"No. 5 Amal Pepple Street Off Ameyo Adadevoh Way, Jahi Abuja.",NGN,Domestic,-,2/6/2025
TAJ,Non-Interest Banks,,,,,,,,,,,,,,,,,
ABBEY MORTGAGE BANK,Primary Mortgage Banks,,,,,,,,,,,,,,,,,
Adamawa Mortgage Bank Limited,Primary Mortgage Banks,Adamawa Mortgage Bank Limited,Primary Mortgage Institutions,State,-,01/01/1900,"No 1, Bishop Street, Jimeta Yola, Adamawa State",Yola,ADAMAWA,07032268912,-,-,-,-,NGN,Domestic,-,05/23/2024
AG HOMES,Primary Mortgage Banks,,,,,,,,,,,,,,,,,
AKWA SAVINGS,Primary Mortgage Banks,,,,,,,,,,,,,,,,,
ASO SAVINGS & LOANS,Primary Mortgage Banks,,,,,,,,,,,,,,,,,
BRENT (SKYFIELD) SAVINGS,Primary Mortgage Banks,,,,,,,,,,,,,,,,,
CENTAGE SAVINGS & LOANS,Primary Mortgage Banks,,,,,,,,,,,,,,,,,
CITY CODE,Primary Mortgage Banks,,,,,,,,,,,,,,,,,
COOP SAVINGS & LOANS,Primary Mortgage Banks,,,,,,,,,,,,,,,,,
DELTA MORTGAGE FINANCE,Primary Mortgage Banks,,,,,,,,,,,,,,,,,
FBN MORTGAGES,Primary Mortgage Banks,,,,,,,,,,,,,,,,,
FHA HOMES LTD.,Primary Mortgage Banks,,,,,,,,,,,,,,,,,
FIRST GENERATION HOMES,Primary Mortgage Banks,,,,,,,,,,,,,,,,,
GATEWAY SAVINGS,Primary Mortgage Banks,,,,,,,,,,,,,,,,,
GLOBAL TRUST,Primary Mortgage Banks,,,,,,,,,,,,,,,,,
HAGGAI MORTGAGE BANK,Primary Mortgage Banks,,,,,,,,,,,,,,,,,
HOME-BASE MORTGAGE,Primary Mortgage Banks,,,,,,,,,,,,,,,,,
IMPERIAL HOMES,Primary Mortgage Banks,,,,,,,,,,,,,,,,,
INFINITY TRUST,Primary Mortgage Banks,,,,,,,,,,,,,,,,,
JIGAWA SAVINGS & LOANS,Primary Mortgage Banks,,,,,,,,,,,,,,,,,
JUBILEE-LIFE MORTGAGE BANK,Primary Mortgage Banks,,,,,,,,,,,,,,,,,
KEBBI STATE HOMES,Primary Mortgage Banks,,,,,,,,,,,,,,,,,
LAGOS BUILDING & INVESTMENT,Primary Mortgage Banks,,,,,,,,,,,,,,,,,
MAYFRESH MORTGAGE BANK,Primary Mortgage Banks,,,,,,,,,,,,,,,,,
MGSL MORTGAGE BANK,Primary Mortgage Banks,,,,,,,,,,,,,,,,,
MUTUAL ALLIANCE,Primary Mortgage Banks,,,,,,,,,,,,,,,,,
NEW PRUDENTIAL,Primary Mortgage Banks,,,,,,,,,,,,,,,,,
NIGERIA POLICE MORTGAGE BANK,Primary Mortgage Banks,,,,,,,,,,,,,,,,,
OMOLUABI (LIVINGSPRING),Primary Mortgage Banks,,,,,,,,,,,,,,,,,
PLATINUM MORTGAGE BANK,Primary Mortgage Banks,,,,,,,,,,,,,,,,,
REFUGE HOMES,Primary Mortgage Banks,,,,,,,,,,,,,,,,,
STB BUILDING SOCIETY,Primary Mortgage Banks,,,,,,,,,,,,,,,,,
TRUSTBOND MORTGAGE BANK,Primary Mortgage Banks,,,,,,,,,,,,,,,,,
9 PSB Ltd,Payment Service Banks,,,,,,,,,,,,,,,,,
Hope PSB Ltd,Payment Service Banks,,,,,,,,,,,,,,,,,
MOMO PAYMENT SERVICE BANK,Payment Service Banks,MOMO PAYMENT SERVICE BANK,Payment Service Bank,National,MOMO PAYMENT SERVICE BANK,01/01/1900,"ATLANTIS BUILDING, PLOT 290B, AKIN ADESOLA STREET, VICTORIA ISLAND LAGOS",VICTORIA ISLAND,LAGOS,xxxxxxxxxx,www.momopsb.com,-,-,"P.M.B. 80147 ADEOLA ODEKU POST OFFICE, VICTORIA ISLAND, LAGOS",NGN,Domestic,-,04/08/2022
Moneymaster PSB Ltd,Payment Service Banks,,,,,,,,,,,,,,,,,
SMARTCASH PSB LIMITED,Payment Service Banks,SMARTCASH PSB LIMITED,Payment Service Bank,None,-,01/01/1900,"Plot L2 401 Close Banana Island, Ikoyi, Lagos",Ikoyi,LAGOS,09125939939,-,-,-,-,NGN,Domestic,-,04/27/2022
ABEG TECHNOLOGIES LIMITED,Mobile Money Operators,,,,,,,,,,,,,,,,,
CHAMS MOBILE LIMITED,Mobile Money Operators,CHAMS MOBILE LIMITED,Mobile Money Operator,None,CHAMS MOBILE LIMITED,01/01/1900,"8 Louis Solomon Close Off Ahmadu Bello Way ,Victoria Island, Lagos",Victoria Island,LAGOS,xxx,-,colaniyan@chamsmobile.com,-,-,NGN,Domestic,-,09/24/2012
ETRANZACT INTERNATIONAL LIMITED,Mobile Money Operators,ETRANZACT INTERNATIONAL LIMITED,Mobile Money Operator,None,ETRANZACT INTERNATIONAL LIMITED,01/01/1900,27/29 Adeyemo Alakija Street Victoria Island,Victoria Island,LAGOS,xxxx,-,Oluwafemi.Aminu@etranzactng.com,-,-,NGN,Domestic,-,08/18/2021
FORTIS MOBILE MONEY LIMITED,Mobile Money Operators,FORTIS MOBILE MONEY LIMITED,Mobile Money Operator,None,FORTIS MOBILE MONEY LIMITED,01/01/1900,"Suit 402 Capital Hub Mabushi, Abuja",Mabushi,ABUJA,xxxx,-,aagabaenwere@fortismobilemoney.com,-,-,NGN,Domestic,-,12/10/2013
FUNDS AND ELECTRONIC TRANSFER (FETS) LIMITED,Mobile Money Operators,FUNDS AND ELECTRONIC TRANSFER (FETS) LIMITED,Mobile Money Operator,None,FUNDS AND ELECTRONIC TRANSFER (FETS) LIMITED,01/01/1900,"15 Cameron Road, Ikoyi, Lagos",Ikoyi,LAGOS,xxxxx,-,JOHN.MAGO@FETSLIMITED.COM,-,-,NGN,Domestic,-,12/10/2013
HEDONMARK MANAGEMENT SERVICES LIMITED,Mobile Money Operators,HEDONMARK MANAGEMENT SERVICES LIMITED,Mobile Money Operator,None,HEDONMARK MANAGEMENT SERVICES LIMITED,01/01/1900,"NCR Building (8th Floor)t, 6 Broad Street, Lagos Island, Lagos",Lagos Island,LAGOS,xxxxx,-,oshone@zoto.com.ng,-,-,NGN,Domestic,-,01/15/2014
KONGAPAY TECHNOLOGIES LIMITED (FORMERLY ZINTERNET LIMITED ),Mobile Money Operators,KONGAPAY TECHNOLOGIES LIMITED (FORMERLY ZINTERNET LIMITED ),Mobile Money Operator,None,ZINTERNET LIMITED,01/01/1900,"1 Redemption Crescent Gbagada, before UPS, off Oshodi Apapa Express way, Lagos",Apapa,LAGOS,xxxxx,-,michael@kongapay.com,-,-,NGN,Domestic,-,09/24/2012
MKUDI LIMITED,Mobile Money Operators,MKUDI LIMITED,Mobile Money Operator,None,MKUDI LIMITED,01/01/1900,"Plot 1648C, Oko-Awo Close, Victoria Island, Eti Osa",Victoria Island,LAGOS,xxxxx,-,Thomas.Ezeh@interswitchgroup.com,-,-,NGN,Domestic,-,12/09/2013
NOWNOW DIGITAL SYSTEMS LIMITED (FORMERLY CONTEC GLOBAL INFOTECH LIMITED),Mobile Money Operators,NOWNOW DIGITAL SYSTEMS LIMITED (FORMERLY CONTEC GLOBAL INFOTECH LIMITED),Mobile Money Operator,None,CONTEC GLOBAL INFOTECH LIMITED,01/01/1900,239/241 Ikorodu Road Beside Sterling Bank Head Office Annex Office illupeju,Ilupeju,LAGOS,xxxxx,-,chiamaka@nownow.ng,-,-,NGN,Domestic,-,01/25/2018
OPAY DIGITAL SERVICES LIMITED (FORMERLY PAYCOM NIGERIA LIMITED),Mobile Money Operators,OPAY DIGITAL SERVICES LIMITED (FORMERLY PAYCOM NIGERIA LIMITED),Mobile Money Operator,None,PAYCOM NIGERIA LIMITED,01/01/1900,"Alexander House Otunba Jobi Fele Way Agidingbi, Alausa, Ikeja, Lagos",Ikeja,LAGOS,xxxxx,-,aolaniyi@opay-inc.com,-,-,NGN,Domestic,-,12/09/2013
PAGATECH LIMITED,Mobile Money Operators,PAGATECH LIMITED,Mobile Money Operator,None,PAGATECH LIMITED,01/01/1900,"176 Herbert Macaulay Way 3rd Floor, Yaba, Lagos",Yaba,LAGOS,xxxxx,-,tayo@pagatech.com,-,-,NGN,Domestic,-,12/09/2013
PALMPAY LIMITED,Mobile Money Operators,PALMPAY LIMITED,Mobile Money Operator,None,PALMPAY LIMITED,01/01/1900,"No 63, Adekunle Fajuyi Street, Ikeja, Lagos",Ikeja,LAGOS,xxxxx,-,chika.nwosu@palmpay-inc.com,-,-,NGN,Domestic,-,06/24/2020
PARKWAY PROJECTS LIMITED,Mobile Money Operators,PARKWAY PROJECTS LIMITED,Mobile Money Operator,None,PARKWAY PROJECTS LIMITED,01/01/1900,"295, Herbert Macaulay way, Yaba, Lagos",Yaba,LAGOS,xxxxx,-,eonwugbufor@parkway.ng,-,-,NGN,Domestic,-,12/23/2011
TEASY INTERNATIONAL COMPANY LTD.,Mobile Money Operators,TEASY INTERNATIONAL COMPANY LTD.,Mobile Money Operator,None,TEASY INTERNATIONAL COMPANY LTD.,01/01/1900,"No 3 Elbe Close Off Panama Street, Maitama, Abuja",Maitama,ABUJA,xxxxx,-,agabdo@teasymobile.com,-,-,NGN,Domestic,-,12/14/2014
VISUAL ICT LIMITED,Mobile Money Operators,,,,,,,,,,,,,,,,,
VTNETWORK LIMITED,Mobile Money Operators,VTNETWORK LIMITED,Mobile Money Operator,None,VTNETWORK LIMITED,01/01/1900,"11, Okunola Abass Street Bodija Ibadan",Ibadan,OYO,xxxxx,-,ayodeji@virtualterminalnetwork.com,-,-,NGN,Domestic,-,09/25/2014
XPRESS MTS LIMITED,Mobile Money Operators,XPRESS MTS LIMITED,Mobile Money Operator,None,XPRESS MTS LIMITED,01/01/1900,"N0 23 Oba Akinjobi Way, Ikeja GRA, Lagos",Ikeja,LAGOS,xxxxx,-,Abdulmuiz.Awa@xpresspayments.com,-,-,NGN,Domestic,-,08/23/2022
